id,正文,原始图片url,视频url,位置,日期,工具,点赞数,评论数,转发数,话题,@用户
4312523568383628,【每日一书·《查拉图斯特拉如是说》】#灯下夜读#《查拉图斯特拉如是说》是哲学家尼采里程碑式的作品，该书假借查拉图斯特拉之名，几乎囊括了作者的全部思想。全书以汪洋恣肆的诗体写成，通过“超人”查拉图斯特拉之口宣讲未来世界的启示，在世界哲学史和诗歌史上均占有独特的地位。 ,https://wx2.sinaimg.cn/large/9764bb42gy1fxqw0k2l20j20hi0q0q9j.jpg,,,2018-12-01,微博 weibo.com,12,0,5,灯下夜读,
4312512138450790,【12月，沪上公园这些花展活动等你来！】#探索上海#上海的公园12月有哪些好玩好看的呢？市绿化市容局说，沪上各大公园本月开展特色活动：滨江森林公园的蔬果插画展、上海植物园的园艺沙龙……一起快来看看吧！ ,https://wx2.sinaimg.cn/large/9764bb42gy1fxriaauroqj20hm1gjtmx.jpg,,,2018-12-01,360安全浏览器,16,3,10,探索上海,
4312493365014361,【儿童使用牙刷和牙膏有讲究】#便民提示#粑粑麻麻都知道的，拥有一口好牙非常重要！而口腔护理也必须从婴儿时期就抓起！各位粑粑麻麻赶紧拿出小本本记好啦！via@全国卫生12320 ,https://wx3.sinaimg.cn/large/9764bb42gy1fxqw02y3zsj20ce0giq3l.jpg,,,2018-12-01,微博 weibo.com,11,1,11,便民提示,全国卫生12320
4312470363286457,【明天最高温度20度！下周二降温】#天气预报#今天晴转多云，最高温度20度，出门在外的你是不是觉得很暖和呢~不过，今天下半夜到明天早晨西部和北部地区有雾，明天多云到阴，下午转阴有时有阵雨，最高温度20度，最低温度15度。下周二开始申城有明显降温，最高温度降至15度，大家还需提防降温。 ,https://wx4.sinaimg.cn/large/9764bb42gy1fxrdhlfzbsj20ej0l6jyi.jpg,,,2018-12-01,360安全浏览器,13,8,22,天气预报,
4312432966487874,【五彩斑斓的糖纸，你收集过哪些？】#上海记忆#如今现在很少人会收集糖果纸，这一爱好看起来十分奇怪，但对很多人来说，集糖纸是他们少年时代很平常的事情，因为在上世纪八十年代，糖果还是一件稀罕的东西，只有在过年或者谁家有人结婚时，才有希望吃上几颗。因为喜欢糖果，糖纸也就成了孩子们的心爱之 ...全文,,"http://gslb.miaopai.com/stream/i2fv80skSCda4-JWjYYnJ4VnSIROUiHcQ3ODSg__.mp4?yx=&refer=weibo_app&vend=weibo&label=mp4_hd&mpflag=8&Expires=1566189332&ssig=KMZ2Np05vE&KID=unistore,video",,2018-12-01,微博 weibo.com,26,12,23,上海记忆,
4312417867949487,【想要心有所“薯”？这几道甜品让你甜蜜蜜】#滋味#寒冷的天气里，吃一块烤红薯（烘山芋）可以让人立刻感到温暖。而它的“兄弟”——紫薯，因为好看的紫色外表和丰富的营养，也越来越受到大家的欢迎。今天美食达人席正园就来教大家做几道以紫薯为原料的甜品，喜欢的小伙伴一起来试试吧~ ,https://wx4.sinaimg.cn/large/9764bb42gy1fxqvzewtvbj20hi532x6p.jpg,,,2018-12-01,微博 weibo.com,13,3,4,滋味,
4312405653497788,【沪交警今起严查机动车噪音扰民违法！（附举报方式）】#便民提示#市公安局交警总队说，12月1日起，《关于进一步加强机动车噪声污染治理工作的通告》正式施行。上海公安交警已制定机动车噪声污染专项整治行动方案，从12月1日开始，严格按照通告内容开展执法工作，重点对非法改装车辆的噪音扰民行为进行 ...全文,https://wx4.sinaimg.cn/large/9764bb42gy1fxr623vxkoj20hm2fzque.jpg,,,2018-12-01,360安全浏览器,191,392,120,便民提示,
4312402768256366,【12月14-16日欣赏多媒体舞蹈剧场《流量》】#午间时光#多媒体舞蹈剧场《流量》通过直播女主播这一女性符号，切入全民直播的当下，试图寻找弥散于多种视觉形式的当代生活、蓬勃发展的无聊经济间的愉悦、归属感、自我价值。12月14至16日，《流量》将在@上海国际舞蹈中心剧场 与大家见面~~ ,https://wx1.sinaimg.cn/large/9764bb42gy1fxqvz094ouj20hi2lb18i.jpg,,,2018-12-01,微博 weibo.com,5,2,1,午间时光,上海国际舞蹈中心剧场
4312398456219962,【沪杭、沪甬地铁二维码今起互联互通！明年有望覆盖长三角主要城市】#便民提示#@上海地铁shmetro 说，今天起，上海市民使用METRO大都会APP不仅可以乘坐本地地铁，还可以在杭州、宁波地铁刷码畅行。同样杭州和宁波的市民也可以使用当地的地铁官方APP，刷二维码无障碍乘坐上海地铁。到2019年，二维码互联 ...全文,https://wx4.sinaimg.cn/large/9764bb42gy1fxr58dkrsnj20hm5wtqv5.jpg,,,2018-12-01,360安全浏览器,33,19,23,便民提示,上海地铁shmetro
4312372568891129,【上海市商业学校招15人，12月10日前报名】#劳动保障#找工作的筒子们注意啦~上海市商业学校正在公开招聘15名工作人员，岗位包括专业教师、图书管理员、审计监察、工会干事等，12月10日前报名。请应聘者登录网页链接下载报名表，填妥后随个人简历、毕业证书、学位证书、其他资格证书等材料扫 ...全文,https://wx3.sinaimg.cn/large/9764bb42gy1fxqvyk8cq7j20hi3i2aou.jpg,,,2018-12-01,微博 weibo.com,7,6,2,劳动保障,
4312357473986571,【沪又一批医疗机构纳入医保定点，有你家附近的吗？】#便民提示#@上海12333 说，经市、区两级医保经办机构组织评估，拟将徐汇区上海益丰大药房连锁有限公司丹棱路店、普陀区上海益丰大药房连锁有限公司中山北路二店等18家零售药店纳入医保定点。公示截至12月6日。详见↓ ,https://wx2.sinaimg.cn/large/9764bb42gy1fxqvxx5256j20hi169qhm.jpg,,,2018-12-01,微博 weibo.com,11,6,12,便民提示,上海12333
4312342370112402,【27年前的今天，一桥飞架黄浦江，南浦大桥生日快乐！】#探索上海#南浦大桥，顾名思义就是连接原南市区到浦东的大桥。1991年12月1日，南浦大桥的正式通车改变了市民只能依靠轮渡和隧道过江的历史，也成为上海市区第一座跨越黄浦江的大桥。南浦大桥还凭借其新潮而创新的螺旋造型而举世闻名，也承载了一 ...全文,"https://wx1.sinaimg.cn/large/9764bb42gy1fxqvxez03ng20b40681kx.gif,https://wx1.sinaimg.cn/large/9764bb42gy1fxqvxefnrgg20b4068h5j.gif,https://wx4.sinaimg.cn/large/9764bb42gy1fxqvxeexeag20b40681cd.gif,https://wx4.sinaimg.cn/large/9764bb42gy1fxqvxej8dzg20b40687r0.gif,https://wx2.sinaimg.cn/large/9764bb42gy1fxqvxdorgjj20ik0c7ta4.jpg,https://wx1.sinaimg.cn/large/9764bb42gy1fxqvxdn3y3j20i80c0ab7.jpg,https://wx3.sinaimg.cn/large/9764bb42gy1fxqvxdortjj20ih09xgmu.jpg,https://wx2.sinaimg.cn/large/9764bb42gy1fxqvxesr3gg20b40687r5.gif,https://wx1.sinaimg.cn/large/9764bb42gy1fxqvxeu8tog20b40687r5.gif",,,2018-12-01,微博 weibo.com,171,43,110,探索上海,
4312321997985812,"【今早空气质量良，实时指数57】#空气质量#来关注下今早空气质量。早7时，全市PM2.5平均浓度为32，最高的杨浦四漂（平凉路1398号）38，最低的普陀监测站（杏山路317号）浦东川沙（川环南路319号）25。实时空气质量指数57，良。逐小时更新数据请点上海市空气质量实时发布系统  ","https://wx4.sinaimg.cn/large/9764bb42gy1fxqwg3ky1gj20m80glk4i.jpg,https://wx2.sinaimg.cn/large/9764bb42gy1fxqwg2z7koj20h80cmdgn.jpg,https://wx1.sinaimg.cn/large/9764bb42gy1fxqwg3134pj20ko0b1my1.jpg,https://wx1.sinaimg.cn/large/9764bb42gy1fxqwg813ybj20g80atq37.jpg",,,2018-12-01,360安全浏览器,14,8,10,空气质量,
4312312741110492,【今天多云，明天起雨水相伴】#早安上海#周末打算去哪玩呢？今天多云，早晨前后局部地区有雾，今天夜里起多云到阴。今天最高温度20度，最低温度15度，明天开始申城又开始小雨相伴的天气，下周二降温明显，大家记得灵活穿衣哦！ ,https://wx4.sinaimg.cn/large/9764bb42gy1fxqvdyymnvj20lz0l6155.jpg,,,2018-12-01,360安全浏览器,24,7,25,早安上海,
4307088500878903,【每日一书•《玻璃球游戏》】#灯下夜读#本书是赫尔曼•黑塞的最后一部长篇小说。作品不是普通意义上的长篇小说，诗歌、小说、格言、书信、传记、文学理论在书中既打成一片又相对独立，作者用一系列象征和譬喻编织起哲学上的乌托邦设想，虚构了一个发生在未来世界的寓言故事。 ,https://wx3.sinaimg.cn/large/9764bb42gy1fx9z751chaj20hi0q0gso.jpg,,,2018-11-16,微博 weibo.com,9,2,7,灯下夜读,
4307075670969661,【沪37家超市生活大米价格大比价！最大价差39元】#便民提示#超市大米种类繁多，你家常买哪一种？@上海发展改革 今天公布了37家超市部分大米价格，涉及品牌有金龙鱼、福临门、香满园、五丰、乐惠等，其中10kg/袋包装的金龙鱼原香稻，在沃尔玛超市上南店、卜蜂莲花超市牡丹江店等售价为168元，在家乐福超 ...全文,"https://wx2.sinaimg.cn/large/9764bb42gy1fxa2v5japbj20lc0n644k.jpg,https://wx3.sinaimg.cn/large/9764bb42gy1fxa2v6tbhuj20m00n67a9.jpg,https://wx2.sinaimg.cn/large/9764bb42gy1fxa2v8di5yj20pc0n645f.jpg,https://wx3.sinaimg.cn/large/9764bb42gy1fxa2vaq302j20no0n6jx9.jpg,https://wx4.sinaimg.cn/large/9764bb42gy1fxa2vczr6jj20lc0n6jx4.jpg,https://wx4.sinaimg.cn/large/9764bb42gy1fxa2ves4dqj20k00n6jwf.jpg,https://wx2.sinaimg.cn/large/9764bb42gy1fxa2vgvm6cj20p80n6n30.jpg",,,2018-11-16,微博 weibo.com,13,8,10,便民提示,上海发展改革
4307072772460397,【驾驶员注意：申城这几处高速路段团雾多发！】#交通资讯#团雾具有突发性、局地性、难以预测、能见度低等特征，易对道路交通安全造成不利影响。公安部交通管理局发布年均发生3次以上团雾的高速公路路段名单。其中，本市G15沈海高速、G1501绕城高速、G40沪陕高速等部分路段团雾多发，请驾驶员们谨慎行驶 ...全文,https://wx2.sinaimg.cn/large/9764bb42gy1fxa2a0u7z0j20hi2ecqu4.jpg,,,2018-11-16,微博 weibo.com,9,4,7,交通资讯,
4307070129976142,【2018年第三季度，上海这些出租车、公交等企业违法率较高！】#交通资讯#市交通委执法总队公布2018年第三季度本市出租、公交、省际客运、驾驶员培训以及危险货物运输等交通运输行业的企业违法率排序。出租行业中，月均违法率最高的是上海黄海出租汽车有限公司（车辆数超50辆企业）和上海星驰出租汽车有 ...全文,https://wx1.sinaimg.cn/large/9764bb42gy1fxa28lxmpgj20hi54ie82.jpg,,,2018-11-16,微博 weibo.com,4,7,7,交通资讯,
4307058054380733,【让孩子们呕吐、腹泻的诺如病毒，究竟该怎么防？】#便民提示#@全国卫生12320 说：诺如病毒急性胃肠炎是一种肠道传染疾病。其感染者的粪便和呕吐物中含有大量病毒，传染性很强，少量的病毒在很短的时间内（通常12-48小时）就能导致感染者发病。速速戳图了解诺如病毒噢~ ,https://wx1.sinaimg.cn/large/9764bb42gy1fx9z6k6prfj20dc1vsdpp.jpg,,,2018-11-16,微博 weibo.com,19,4,12,便民提示,全国卫生12320
4307047757023405,【《巡逻现场实录2018》明日起每周六晚22点档播出】#上海新闻#由SMG东方卫视出品的全国首档全景式警务纪实片《巡逻现场实录2018》在沪举办开播看片会。这档节目以“巡逻现场”为窗口，直击城市治安管理最前沿，真实记录人民警察风采，是东方卫视继《急诊室故事》、《人间世》等高口碑纪实片后推出的又 ...全文,https://wx4.sinaimg.cn/large/9764bb42gy1fxa2i0sgenj20u01hcn66.jpg,,,2018-11-16,360安全浏览器,32,16,16,上海新闻,
4307041222249657,【沪第二批规范联网维修企业名单公布！】#交通资讯#市运管处说，近日本市机动车维修行业公布第二批规范联网维修企业名单。共有涉及别克、雪佛兰、名爵MG、斯柯达、凯迪拉克、上汽大通、斯巴鲁、沃尔沃、荣威、上汽大众等品牌的122家维修企业。消费者在行业公布的维修企业进行维修，可以通过“上海汽车 ...全文,https://wx2.sinaimg.cn/large/9764bb42gy1fxa1yn2934j20hi8l5kjm.jpg,,,2018-11-16,360安全浏览器,10,0,6,交通资讯,
4307040878910431,【快讯！这17种国家医保谈判准入抗癌药11月19日起纳入本市医保目录！】#最新#市人社局（市医保办）刚刚公布，17种国家医保谈判准入抗癌药将纳入本市2017年版基本医疗保险、工伤保险和生育保险药品目录。通过前期准备，目前已完成药品信息更新和收费系统调整，11月19日起全面执行。这些药品的医保限定支 ...全文,https://wx4.sinaimg.cn/large/9764bb42gy1fxa1x8rltaj20hi3wgkjl.jpg,,,2018-11-16,360安全浏览器,23,5,14,最新,
4307039452742070,【浦东26条公交线路将调整！调整计划今天起公示】#便民提示#@所有浦东人！2018年浦东新区第三批公交线路的调整计划今天起公示啦！@浦东发布 说，本次计划共涉及26条公交线路，其中：新辟1条，撤销1条，调整24条。本次线网调整分为四大类：轨道交通13号线东延伸段配套11条、区域街镇优化9条、填补公交空 ...全文,https://wx1.sinaimg.cn/large/9764bb42gy1fxa1rbrv6sj20adcmghdv.jpg,,,2018-11-16,360安全浏览器,15,4,4,便民提示,"所有浦东人,浦东发布"
4307037758568305,【长三角“沪杭甬”地铁二维码年内将实现互联互通】#交通资讯#@上海地铁shmetro 联合支付宝与杭州、宁波三城地铁携手，有望在年内实现三地城市轨道交通刷码过闸的互联互通，即使用上海地铁官方APP“Metro大都会”将可以在杭州和宁波地铁实现刷码过闸，而使用杭州和宁波地铁官方APP“杭州地铁”“宁波地 ...全文,https://wx2.sinaimg.cn/large/9764bb42gy1fxa1kcha0fj20hi1fq1ah.jpg,,,2018-11-16,360安全浏览器,12,40,13,交通资讯,上海地铁shmetro
4306996645648572,【快转存！鲜为人知却非常实用的PPT技巧】#长知识#工作后，经常需要制作PPT。PPT如何转PDF？如何一键禁播所有动画？如何秒换所有字体？如何提取PPT里的图片？如何切换大小写？PPT如何抠图？9张图，9个PPT制作小技巧，值得记下！ via@央视新闻 ,"https://wx2.sinaimg.cn/large/9764bb42gy1fx8wtllcqsj20j60j6dp3.jpg,https://wx1.sinaimg.cn/large/9764bb42gy1fx8wtmooczj20j60j612a.jpg,https://wx1.sinaimg.cn/large/9764bb42gy1fx8wtnr616j20j60j6dp6.jpg,https://wx4.sinaimg.cn/large/9764bb42gy1fx8wtozhobj20j60j6dom.jpg,https://wx3.sinaimg.cn/large/9764bb42gy1fx8wtqavxij20j60j612a.jpg,https://wx4.sinaimg.cn/large/9764bb42gy1fx8wtrdm70j20j60j6jzi.jpg,https://wx1.sinaimg.cn/large/9764bb42gy1fx8wtsfyp4j20j60j6k09.jpg,https://wx1.sinaimg.cn/large/9764bb42gy1fx8wttf8z2j20j60j6ajk.jpg,https://wx4.sinaimg.cn/large/9764bb42gy1fx8wtujkswj20j60j6qcd.jpg",,,2018-11-16,微博 weibo.com,57,8,93,长知识,央视新闻
4306988592084782,【想要真正改变自己，该怎样做决策？】#长知识#健康，财富，人际关系，面对我们想要拥有的一切，除了能力和技巧，还有一些更为重要却总是被我们所忽略的因素。未来是未知的，但我们可以通过努力的尝试去获得自己所需要的一切。3个在决策时用到的技巧↓↓值得一看！ 网页链接 ,,,,2018-11-16,微博 weibo.com,4,6,0,长知识,
4306981546143278,【睡得健康很重要！人在不同年龄段，最佳睡眠时间是多少？】#长知识#你昨晚睡了多久？保证充足的睡眠时间对保持健康至关重要，而不同年龄段的人分别有不同的最适宜睡眠时间，如18-25岁的青少年要保证7-9小时的睡眠，65岁及以上的老人不超过8个小时。你的睡眠时间足够了吗？全球视频大魔王的秒拍视频 ,,http://gslb.miaopai.com/stream/tHfAclt6EAP2fZDmJG97lGI7ZL4uukCuRG9HCQ__.mp4?yx=&refer=weibo_app&vend=weibo&label=mp4_720p&mpflag=32,,2018-11-16,微博 weibo.com,23,12,22,长知识,
4306966446524526,【“禹步——第12届上海双年展”正在进行】#午间时光#两年一次的“视觉嘉年华”——上海双年展正在进行！~第12届上海双年展正在@上海当代艺术博物馆PSA 展出。本届双年展的主题为“禹步”。本届上海双年展共有26个国家的67位/组艺术家参展，展期自11月10日到明年3月10日。详戳↓ ,https://wx3.sinaimg.cn/large/9764bb42gy1fx8wt23wxqj20hi39n180.jpg,,,2018-11-16,微博 weibo.com,15,5,9,午间时光,上海当代艺术博物馆PSA
4306936252409756,【明天拍牌：警示价86300元，个人额度11766辆】#最新#明天拍牌啦，ARE YOU READY？11月份车牌拍卖在11月17日（10:30-11:30）举行，个人额度11766辆，比上月增加1038辆。今年全年警示价为86300元，拍卖系统网址：网页链接 PS：10月车牌最低成交价88000元，平均成交价为88070元，中标率5.9%。 ...全文,https://wx2.sinaimg.cn/large/9764bb42gy1fx8wspgxxaj20j60a842a.jpg,,,2018-11-16,微博 weibo.com,106,74,57,最新,
4306929201936891,【不吃肉也能长肌肉？食草动物的肌肉是怎么来的呢？】#长知识#@上海野生动物园 说，在动物界中，有些是食肉动物，有些是食草动物，有些则为杂食动物，既吃肉又吃草。对于肉食动物和杂食动物长有肌肉，我们不难理解。但食草动物吃下去的是草本植物，其主要成分是不易被消化吸收的纤维素，为什么却能长出 ...全文,https://wx2.sinaimg.cn/large/9764bb42gy1fx8wshqe8vj20hi1iyk38.jpg,,,2018-11-16,微博 weibo.com,11,6,4,长知识,上海野生动物园
4306920900716976,【想当“老娘舅”？来！浦东新区东方调解中心招聘啦】#劳动保障#上海浦东新区东方调解中心要招聘啦！这是以调解的方式，独立、公正、高效地帮助当事人、法人解决各类专业性、行业性纠纷的社会组织，现在公开招聘专职调解员若干。报名时间截至11月21日，赶紧来看看吧↓ ,https://wx3.sinaimg.cn/large/9764bb42gy1fx8wsbbe4hj20hm1klnb3.jpg,,,2018-11-16,微博 weibo.com,6,8,6,劳动保障,
4306913845575286,【要办出入境证件的小伙伴注意了！长宁区金钟路受理点暂停对外接待】#便民提示#想办出入境的小伙伴注意啦！@警民直通车-上海 说，长宁公安分局出入境管理办公室金钟路受理点（金钟路999号A座）将于11月17日起进行为期三个月左右的内部装修，期间暂停对外接待。之前已受理的取证地点为金钟路的申请人， ...全文,https://wx3.sinaimg.cn/large/9764bb42gy1fx8ws1o94hj20hi0wa12m.jpg,,,2018-11-16,微博 weibo.com,13,6,5,便民提示,警民直通车-上海
4306902663520862,【2019年上海市选调生招录启动！（附各校宣讲日程）】#最新#根据上海干部队伍结构需求，2019年在北京大学、清华大学、中国人民大学、中国科学技术大学、南京大学、浙江大学、复旦大学、上海交通大学、同济大学、华东师范大学、华东理工大学、东华大学、上海外国语大学、上海财经大学和上海大学等15所高 ...全文,"https://wx4.sinaimg.cn/large/9764bb42ly1fx9m1s2dl4j20hi3nsb2a.jpg,https://wx3.sinaimg.cn/large/9764bb42ly1fx9m1rwmv8j20hi32sqv5.jpg",,,2018-11-16,微博 weibo.com,35,16,35,最新,
4306887912289550,【今早空气质量优，实时指数36】#空气质量#来看下今早空气质量。早7时，全市PM2.5平均浓度为25，最高的浦东张江（祖冲之路295号）31，最低的虹口凉城（凉城路854号）20。实时空气质量指数36，优。逐小时更新数据请点网页链接 ,"https://wx3.sinaimg.cn/large/9764bb42ly1fx9kcg44fwj20l30ft7fz.jpg,https://wx1.sinaimg.cn/large/9764bb42ly1fx9kck5hs0j20n20byta9.jpg,https://wx1.sinaimg.cn/large/9764bb42ly1fx9kckgh1hj20yn0h8428.jpg,https://wx2.sinaimg.cn/large/9764bb42ly1fx9kcnktjgj20g80att8v.jpg",,,2018-11-16,微博 weibo.com,16,9,14,空气质量,
4306881591671872,【早高峰路况：南北西侧等路段较拥堵】#交通快讯#@乐行上海 说，7:15快速路目前较拥挤的路段有：南北西侧共江路至汶水路、中环共和立交至洛川路；延安南侧虹桥枢纽至娄山关路；内环外侧大柏树至广中路；沪闵东侧莘庄至莲花路、桂林路至蒲汇塘路；逸仙西侧殷高西路至曲阳路；中环外侧中环共和立交至沪太 ...全文,https://wx1.sinaimg.cn/large/9764bb42ly1fx9jmnu91jj20j60hu0vk.jpg,,,2018-11-16,微博 weibo.com,8,1,3,交通快讯,乐行上海
4306876907022949,【今日申城最低温14℃，阴雨持续到周末】#早安上海#周五啦~吼吼吼！今天上海阴有时有小雨，夜里转阴到多云有短时小雨，最高温度17度，最低温度14度，相对湿度65%-95%，出门别忘记带伞哦~预计阴阴雨雨的天气要持续到周日，受冷暖空气交汇影响，周日降水相较将更明显些。同时，气 ...全文,https://wx2.sinaimg.cn/large/9764bb42ly1fx9j3b5pnwj20i30hgdo2.jpg,,,2018-11-16,微博 weibo.com,31,18,50,早安上海,
4306397799602166,【关注糖尿病！沪60岁以上人群中超过1/4为糖尿病患者】#上海新闻#今天是第12个联合国糖尿病日，市卫生健康委说：糖尿病是影响上海居民健康的主要慢性疾病之一，本市监测调查数据显示，常住居民≥35岁成人中糖尿病患病率为17.6%，60岁以上的老年人中有超过1/4为糖尿病患者。糖尿病是一种由多种病因引起 ...全文,https://wx3.sinaimg.cn/large/9764bb42ly1fx802brg7cj20hi2wo7wh.jpg,,,2018-11-14,360安全浏览器,20,9,30,上海新闻,
4306394042081854,【沪抽检851批次食品，以下7批次不合格！】#市场监管#@上海食药监 今天发布，抽检肉制品、乳制品、饮料、方便食品、饼干、罐头、冷冻饮品、速冻食品等11大类食品，共计851批次样品。其中7批次不合格，包括2批次肉制品、3批次饮料、1批次方便食品、1批次罐头。不合格项目涉及山梨酸、胭脂红、亚硝酸盐、 ...全文,"https://wx4.sinaimg.cn/large/9764bb42ly1fx7zmrh1vrj20u008hwhm.jpg,https://wx1.sinaimg.cn/large/9764bb42ly1fx7zmrhx9cj20u007h0vf.jpg,https://wx1.sinaimg.cn/large/9764bb42ly1fx7zmrpicuj20u0085wif.jpg,https://wx2.sinaimg.cn/large/9764bb42ly1fx7zmschgnj20u00byjxd.jpg",,,2018-11-14,360安全浏览器,14,7,8,市场监管,上海食药监
4306391910454613,【两场高校联合招聘会明后天分别在松江、浦东举行！】#就业保障#即将毕业的你，正在找工作吗？明天（11月15日）将举行2019届松江大学园区七校毕业生联合招聘会，721家单位设摊招人。东华、上外、华政、对外经贸、工程大、立信、视觉艺术等7所高校的同学可凭学生证直接入场，外校同学可以凭学生证领票后 ...全文,https://wx2.sinaimg.cn/large/9764bb42ly1fx7ze0uz29j20hi3h71kx.jpg,,,2018-11-14,360安全浏览器,9,13,6,就业保障,
4306389411551528,【网约车投诉哪家多？本市最新网约车平台投诉排名出炉】#市场监管#@上海交通 说，2018年三季度，市交通委信访、热线渠道受理出租汽车行业相关诉求21920件，其中涉及网约车平台2470件，占比为11.27%。投诉量排名前五位的网约车平台分别为“易到用车”、“首汽约车”、“曹操专车”、“神马专车”和“神 ...全文,https://wx3.sinaimg.cn/large/9764bb42ly1fx7z3o81ouj20hi3u5e81.jpg,,,2018-11-14,360安全浏览器,8,10,16,市场监管,上海交通
4306386768701956,【环法职业绕圈赛来了！11月16-17日这些地段交通管制】#便民提示#2018环法职业绕圈赛上海站11月17日（周六）7时至13时在浦东举行。@警民直通车-浦东 说：16-17日相应时间，西藏南路隧道（雪野路出口）、上南路、云台路、洪山路、雪野路、高科西路、国展路、丰和路、富城路、滨江大道等路段将实行双向封 ...全文,https://wx1.sinaimg.cn/large/9764bb42ly1fx7yssgi5ij20hi29i1kx.jpg,,,2018-11-14,360安全浏览器,12,6,13,便民提示,警民直通车-浦东
4306380867810571,【为配合外部施工，11号线部分区间后天起至下周三限速运行】#便民提示#经常搭乘11号线的市民朋友们注意了！@上海地铁shmetro 说，为配合外部市政工程的建设施工，11月16日至21日，轨道交通11号线隆德路站至江苏路站区间列车将双向限速15公里/小时运行，其它区段不受影响。详见↓ ,https://wx1.sinaimg.cn/large/9764bb42ly1fx7y4dcu60j20u00q7wn2.jpg,,,2018-11-14,360安全浏览器,11,12,10,便民提示,上海地铁shmetro
4306370520438360,【每日一书•《中国古典诗词感发 》】#灯下夜读#本书是国学大师顾随学术研究与学术普及之作。作者以沉稳舒缓、优美凝炼的语言，讲述其所体会到的中国古典诗词的真正内涵。他把中西文化熔于一炉，把人生社会文学融为一体，感悟中国诗词的大境界，并由此阐发中国古代传统的大智慧。 ,https://wx3.sinaimg.cn/large/9764bb42gy1fx6le6o39lj20hi0q0aie.jpg,,,2018-11-14,微博 weibo.com,10,3,3,灯下夜读,
4306333278952889,【三天两头感冒发烧，为啥幼儿园“头一年”最难熬？】#便民提示#很多年轻父母都有这样的疑惑：孩子刚上幼儿园的头一年，为啥三天两头感冒发烧？@健康上海12320 说：相关原因很多，交叉感染、分离焦虑和过敏体质是三个主要原因，快来看看如何理性应对孩子常生病↓ ,https://wx1.sinaimg.cn/large/9764bb42gy1fx6lcoloe6j20dc29hgw5.jpg,,,2018-11-14,微博 weibo.com,9,8,19,便民提示,健康上海12320
4306303989675767,【明起5天雨水相伴，气温逐渐下跌！】#天气预报#今天申城天气不错，最高温17.9度。不过好天气即将与我们作别，明天本市阴有时有小雨，气温14-18度。周五到下周初，雨水将是申城天气的主角。而随着北方冷空气周日南下，本市降水将有所减弱，但最高温将降至15度，周一最低仅10度。虽说“春捂秋冻”，但小 ...全文,https://wx4.sinaimg.cn/large/9764bb42gy1fx7paju922j20ej0l6jye.jpg,,,2018-11-14,微博 weibo.com,25,12,22,天气预报,
4306271874402639,【找工作的筒子看过来，宝山疾控招人啦！】#劳动保障#@上海宝山发布 说，宝山区疾病预防控制中心2019年招聘工作启动啦！岗位包括疾病控制和公卫检验。应聘者可通过邮箱：renshi@bscdc.org.cn；电话：021-33796711等方式联系。详见↓ ,https://wx4.sinaimg.cn/large/9764bb42gy1fx6ldba7mjj20ku7kp1kx.jpg,,,2018-11-14,微博 weibo.com,3,4,2,劳动保障,"上海宝山发布,bscdc"
4306264571959990,【天窗玻璃可能脱落东风本田召回部分杰德（JADE）汽车】#质量安全#国家质检总局消息，由于供应商制造原因，部分车辆的天窗玻璃底涂不满足规范要求，导致玻璃附着力降低，极端情况下天窗玻璃可能脱落，存在安全隐患，东风本田汽车有限公司决定召回2017年5月5日至2017年6月21日生产的部分2018款杰 ...全文,https://wx3.sinaimg.cn/large/9764bb42gy1fx6lctt1vxj20hi0zsjxi.jpg,,,2018-11-14,微博 weibo.com,3,4,1,质量安全,
4306257525920952,【“重装”苏卡达象龟，了解一下】#探索上海#苏卡达象龟的体型在陆龟界只能排老三，但要论起力量和战斗力来说却是当之无愧的第一。@上海动物园 说，苏卡达象龟雄性成年体重可达70公斤，四肢健壮有力且附有尖锐的鳞片，背甲厚重坚固，外缘带有锯齿状，叉状喉甲突出身体外，像个重型装甲车喜欢到处横冲直 ...全文,"https://wx4.sinaimg.cn/large/9764bb42gy1fx6lcdu8j1j20j60eejv1.jpg,https://wx2.sinaimg.cn/large/9764bb42gy1fx6lcetoggj20j60ee41s.jpg,https://wx2.sinaimg.cn/large/9764bb42gy1fx6lcg0ercj20j60pkjw8.jpg,https://wx2.sinaimg.cn/large/9764bb42gy1fx6lch5xkfj20j60ee76r.jpg",,,2018-11-14,微博 weibo.com,11,9,3,探索上海,上海动物园
4306255763336355,【上海交警集中开展国省道交通秩序整治】#交通资讯#@上海交警 说，根据公安部交通管理局的统一部署，即日起至明年1月，上海公安交警部门将在全市范围内组织开展国省道交通秩序集中整治行动。此次整治重点为国道和省道，主要包括312国道（曹安公路）、318国道（沪青平公路）、204国道（沪宜公路）、320 ...全文,https://wx3.sinaimg.cn/large/9764bb42gy1fx7ja0qttpj20hi3e7u0x.jpg,,,2018-11-14,微博 weibo.com,11,10,12,交通资讯,上海交警
4306253247452030,【宝山10条道路实施8吨(含)以上货运车限行，集卡堵路有望缓解】#交通资讯#@上海宝山发布 说，为进一步提高宝山区道路通行效率，切实保障道路安全、畅通、有序，根据《中华人民共和国道路交通安全法》及相关法律法规规定，结合宝山区道路交通实际情况，自2018年11月20日起决定对南陈路、锦秋路等十条道 ...全文,https://wx3.sinaimg.cn/large/9764bb42gy1fx7j7cw2x2j20hi1awh44.jpg,,,2018-11-14,微博 weibo.com,11,11,8,交通资讯,上海宝山发布
4306252445664555,【进博会重要场所今起11天向社会开放，市民可凭参观券免费参观！】#最新#首届中国国际进口博览会已于11月5日至10日圆满结束。因进口博览会展期有限，考虑到市民仍有强烈的观展需求，为进一步扩大进口博览会的影响和溢出效应，自11月14日至11月24日，进口博览会开幕式主论坛会场、平行论坛会场、国家展 ...全文,,,,2018-11-14,360安全浏览器,19,63,39,最新,
4306250516502422,【沪随机抽检生活饮用水卫生情况，这些单位被行政处罚】#市场监管#@健康上海12320 发布2018年下半年上海市生活饮用水卫生随机监督抽查结果，涉及14家集中式供水单位和96个二次供水设施（包括水箱、蓄水池）。其中，上海如家蒙自酒店管理有限公司、轻工机械大厦等多家单位被行政处罚，存在的主要问题包 ...全文,https://wx1.sinaimg.cn/large/9764bb42gy1fx7j5fvbjdj20hi2uf4qk.jpg,,,2018-11-14,360安全浏览器,3,3,5,市场监管,健康上海12320
4306250063401579,【配合上海马拉松赛，沪128条公交线路将采取临时调度措施】#最新#为配合上马当天的交通保障，市运管处说，比赛当日，共128条公交线路采取临时调度方案：20路、167路、805路等9条线路停驶；14路、18路、23路等78条线路缩线；17路、41路、49路等11条线路分段行驶；15路、37路、45路等24条线路将绕道行驶 ...全文,https://wx2.sinaimg.cn/large/9764bb42gy1fx7j3e4wojj20hi2tihdt.jpg,,,2018-11-14,360安全浏览器,11,9,11,最新,
4306237388109005,【12月5日至9日欣赏中文版音乐剧《蓝波》】#午间时光#法国诗人阿尔蒂尔•兰波的奇幻人生和经典作品想必大家都有所耳闻。此次音乐剧版《兰波》将通过诗人魏尔伦以及兰波的朋友德莱尔的旅行，讲述他们记忆中关于兰波长达二十年的故事。12月5日至12月9日在@上海大剧院 与大家见面！ ,https://wx3.sinaimg.cn/large/9764bb42gy1fx6lc27y7ej20hi24n13w.jpg,,,2018-11-14,微博 weibo.com,8,7,14,午间时光,上海大剧院
4306211476494154,【浦东首条夜光漫步道来啦！想去打卡吗~】#探索上海#夜幕降临，周浦有条漫步道开始“发光”啦。发光的原理不复杂：透明结合料与具有一定通透和反光效果的石料混合，同时在道路的设计上采用超大空隙结构设计，发光材料在白天充分吸收并储存能量，夜间以光能的形式释放，使整个路面产生发光的效果。 ...全文,https://wx4.sinaimg.cn/large/9764bb42gy1fx6lbmsvdgj20ku4c27ma.jpg,,,2018-11-14,微博 weibo.com,34,13,25,探索上海,
4306203670928742,【普陀新建的这条道路将打通东西向交通，分流易拥堵路段！】#交通资讯#@上海普陀 说，南郑路（曹杨路—宁川路）道路新建工程初步设计获批。该工程位于真如城市副中心，西起曹杨路，东至规划宁川路，全长约785米（不包含真华路、静宁路交叉口）。施工完毕后，将打通真如副中心东侧东西向交通，有效缓解 ...全文,https://wx3.sinaimg.cn/large/9764bb42gy1fx6lakc9o3j20ku3jl4ck.jpg,,,2018-11-14,微博 weibo.com,6,6,4,交通资讯,上海普陀
4306196372011405,【找工作的筒子注意了，浦东一批事业单位正在招人】#劳动保障#@浦东发布 说，浦东新区环境保护和市容卫生管理局现向高校招聘一批事业单位工作人员。对象为2019年度全日制高校应届毕业生；现场报名时间为11月27日上午9:00—11:00。招聘岗位及条件等详见↓ ,https://wx4.sinaimg.cn/large/9764bb42gy1fx6lach26wj20ku2ebgu3.jpg,,,2018-11-14,微博 weibo.com,9,6,4,劳动保障,浦东发布
4306188574935229,【长宁区外环林带现“白鹭下秋水，孤飞如坠霜”美丽秋景】#探索上海#2018年外环林带改建工程尚未建成，却吸引了一批“游客”来此歇脚。@绿色上海 说，11月正值候鸟迁徙季，一群白鹭来此造访，它们悠闲自得地飞舞，相互嬉戏追逐、停歇和觅食。 ,https://wx4.sinaimg.cn/large/9764bb42gy1fx6l9k9o5fj20go0ammyu.jpg,,,2018-11-14,微博 weibo.com,21,10,5,探索上海,绿色上海
4306160083743088,"【今早空气质量良，实时指数58】#空气质量#看下今早空气质量。早7时，全市PM2.5平均浓度为41，最高的青浦淀山湖48，最低的浦东川沙37。实时空气质量指数58，良。逐小时更新数据请点上海市空气质量实时发布系统  ","https://wx4.sinaimg.cn/large/9764bb42gy1fx78qxtgshj20n10h9gmz.jpg,https://wx4.sinaimg.cn/large/9764bb42gy1fx78qxr0izj20l30e1ab6.jpg,https://wx4.sinaimg.cn/large/9764bb42gy1fx78qxri93j20ks0b4dgb.jpg,https://wx3.sinaimg.cn/large/9764bb42gy1fx78qxpkfqj209305zq2u.jpg",,,2018-11-14,微博 weibo.com,12,6,16,空气质量,
4306156875226222,【早高峰路况：南北西侧等路段较拥堵】#交通资讯#@乐行上海 说：7:15快速路目前较拥挤的路段有：南北西侧呼玛路至中兴路；延安南侧外环立交至延西立交；内环外侧大柏树至广中路；沪闵东侧莘庄至莲花路；逸仙西侧殷高路至逸仙立交；中环外侧共和立交至沪太路等。 请大家谨慎驾驶，注意行车安全！ ,https://wx2.sinaimg.cn/large/9764bb42gy1fx78e77hdjj20j60g7ac7.jpg,,,2018-11-14,微博 weibo.com,11,2,5,交通资讯,乐行上海
4306151581834056,【今天持续好天气，明天又将开启阴雨模式，周日冷空气到货！】#早安上海#今天仍是好天气，申城多云到晴，气温较昨日变化不大，最低气温12℃，最高气温18℃。预计明天起受低压槽影响，上海将逐渐转雨，夜里起雨势明显。周日北方冷空气南下，天气转好，但是气温下降，要注意调整穿着噢。 ,https://wx1.sinaimg.cn/large/9764bb42gy1fx77b56hxwj20ji0i83za.jpg,,,2018-11-14,微博 weibo.com,18,11,41,早安上海,
4299517878599733,【浦东机场新增24条出境自助通道】#便民提示#@上海边检 说，10月26日，在距首届中国国际进口博览会举办还有10天之际，上海边检总站新建的24条出境自助通道正式投入使用啦！至此，浦东机场出入境自助通道数量达到了120条！新增的自助通道采用了新的技术手段，可以更快更准确地识别旅客身份，进一步提高 ...全文,https://wx1.sinaimg.cn/large/9764bb42ly1fwm1x0fpdnj20hi59tb2a.jpg,,,2018-10-26,360安全浏览器,39,6,10,便民提示,上海边检
4299510534339283,【2019年高中学业水平考6门科目怎么考？命题要求在这里】#教育新知#高三的同学们注意啦！@上海教育 公布上海市普通高中思想政治、历史、地理、物理、化学和生命科学6门科目学业水平等级性考试命题要求。这6门考试均采用闭卷笔试形式。考试时间60分钟，卷面满分100分。那么考试内容分别有哪些？题型如何 ...全文,https://wx4.sinaimg.cn/large/9764bb42ly1fwm12oqbgej20hi1g11eu.jpg,,,2018-10-26,360安全浏览器,18,9,13,教育新知,上海教育
4299485150558783,【每日一书•《图像的生与死》】#灯下夜读#本书论述了西方人视角下的图像演变过程，深刻分析了技术革命与集体信仰对图像所产生的影响。作者从西方哲学、宗教、艺术、科技、媒体等方面，对图像起到的作用和反作用进行了详尽又深入的解读，许多观点都闪烁着思想的光芒。 ,https://wx2.sinaimg.cn/large/9764bb42gy1fwkmwngpt0j20hi0q0tf4.jpg,,,2018-10-26,微博 weibo.com,11,6,7,灯下夜读,
4299468860400952,【金山区公开招聘教师200余人，11月起开始报名】#连线各区#想去金山区做老师么？@金山传播 说：2019年金山区教师招聘开始啦！本次招聘拟招录的教师含中、小、幼各个学段……应聘人员需要自行联系招聘学校投递本人简历，学校筛选个人材料，确定初步意向。具体招聘条件、应聘方式及岗位等信息详见下文↓ ,https://wx2.sinaimg.cn/large/9764bb42gy1fwlwab6hn9j20hi57xqv5.jpg,,,2018-10-26,360安全浏览器,12,7,7,连线各区,金山传播
4299447905399452,【胆固醇也分“好坏”，你真的了解胆固醇吗？】#便民提示#胆固醇一般分为两种：低密度脂蛋白胆固醇（LDL-C）和高密度脂蛋白胆固醇（HDL-C）。什么是“好”胆固醇？什么是“坏”胆固醇？如何管理好自己的胆固醇？@健康上海12320 为你解答。详↓ ,https://wx2.sinaimg.cn/large/9764bb42gy1fwkmvoj29kj20hi2qy1kx.jpg,,,2018-10-26,微博 weibo.com,23,12,23,便民提示,健康上海12320
4299423385115946,【me more cool准备好了吗？明天最低温直降6度多！】#天气预报#今天申城暖意融融，徐家汇最低温19.4度，但逐渐加大的风力却告诉着我们：冷空气要来了。明天上海晴到多云，最低气温将降至13度，最高气温仅19度。未来几天，申城都将晴好天气为主，最高温在19到22度之间，但早晚气温较低，在11到14度之间 ...全文,https://wx1.sinaimg.cn/large/9764bb42gy1fwlr29avwij20ej0l6ahe.jpg,,,2018-10-26,微博 weibo.com,20,26,42,天气预报,
4299398831752635,【崇明区招聘专业技能储备人才60名，2019年4月15日前报名】#劳动保障#@上海崇明 说，根据《崇明区关于加强世界级生态岛建设人才发展的若干意见》的相关规定，崇明区2019年度拟面向社会公开招聘具有全日制硕士研究生及以上学历学位的专业技能储备人才60名。有意者请于2019年4月15日之前将报名材料邮寄至 ...全文,"https://wx2.sinaimg.cn/large/9764bb42gy1fwlnwlmueyj20hi2aonpa.jpg,https://wx1.sinaimg.cn/large/9764bb42gy1fwlnwwraxxj20u00i2ti7.jpg,https://wx3.sinaimg.cn/large/9764bb42gy1fwlnwwg312j20u00j8qch.jpg,https://wx4.sinaimg.cn/large/9764bb42gy1fwlnwwbo36j20u009ydl5.jpg",,,2018-10-26,微博 weibo.com,3,7,2,劳动保障,上海崇明
4299397074113156,【中国兵工物资华东有限公司原总经理闫化强接受监察调查】#快讯#市纪委今天发布，中国兵工物资华东有限公司原法定代表人、执行董事兼总经理闫化强涉嫌严重违法，目前正接受上海市监委监察调查。 ,https://wx2.sinaimg.cn/large/9764bb42gy1fwlns935rbj20hi0s5wnx.jpg,,,2018-10-26,微博 weibo.com,13,8,7,快讯,
4299396571356206,【共投资200亿元！两个大型外资项目同日在沪开工！】#上海新闻#据文汇报，10月19日，同一天内，有两个堪称“大手笔”的外资项目在上海开工建设：一个是位于嘉定区安亭镇的上汽大众新能源汽车工厂项目，另一个是位于浦东新区国际医学园区的西门子医疗实验室诊断工厂，两个项目合计投资200亿元。 ,https://wx4.sinaimg.cn/large/9764bb42gy1fwlnoborswj20hi2shkjl.jpg,,,2018-10-26,微博 weibo.com,23,4,10,上海新闻,
4299393135421478,【会计专业的同学注意了！沪2019全国会计专业技术初级资格考试报名开始啦！】#便民提示#想从事财会行业的小伙伴们看过来！市财政局刚刚公布，上海市2019年全国会计专业技术初级资格考试报名开始啦！满足条件的同学可在2018年11月12日10点至11月16日24点以及2018年11月26日10:00开始至11月30日24:00两个 ...全文,https://wx3.sinaimg.cn/large/9764bb42gy1fwlnl4hx7zj20hi40ku0x.jpg,,,2018-10-26,360安全浏览器,25,24,62,便民提示,
4299392624091427,【旅客自助“刷脸”实名核验更快捷！虹桥火车站安装了66台新闸机】#便民提示#以后，虹桥火车站的设施将更先进、更便捷，也更人性化！上海铁路局说，为应对大客流，已推出多项措施服务旅客出行，包括：新增40台车站自助售票机、安装66台自助实名制核验闸机、升级4个无障碍厕所、改造标识引导系统等。详 ...全文,https://wx1.sinaimg.cn/large/9764bb42gy1fwlnj1gvdxj20hi4fge82.jpg,,,2018-10-26,360安全浏览器,67,44,39,便民提示,
4299386252907785,【徐汇这几个地方即将改造！未来华发路更通畅、徐汇滨江夜景更美】#连线各区#@上海徐汇发布 说，华发路（长华路—龙吴路）交叉口渠化改造工程、上海长途客运南站站前广场通道整治工程、徐汇滨江景观照明提升工程，三个项目陆续通过审批。通过改造升级，未来华发路的交通更通畅；长途南站的“颜值”更高 ...全文,https://wx4.sinaimg.cn/large/9764bb42gy1fwkmxxpxhij20hi1u51kx.jpg,,,2018-10-26,微博 weibo.com,8,6,3,连线各区,上海徐汇发布
4299378950692054,【行驶途中可能熄火！部分宝马汽车被召回】#质量安全#国家质检总局消息，宝马（中国）汽车贸易有限公司根据相关要求，向国家市场监督管理总局备案了召回计划，召回2018年4月10日至2018年6月13日期间生产的部分进口BMW 118i、120i、125i、220i、225i、320i等型号汽车，共计3939辆。本次召回范围内车辆的 ...全文,https://wx3.sinaimg.cn/large/9764bb42gy1fwkmxms72mj20hi1dv4gl.jpg,,,2018-10-26,微博 weibo.com,5,5,5,质量安全,
4299373414042852,【中超第27轮：申花客战天津泰达，上港迎战山东鲁能】#爱体育#本周末的中超联赛，上海两支球队都将在周日比赛。@绿地申花官方微博 将于周日下午率先出战天津泰达，球队近期状态不错，在积分榜上已攀升至第六名，希望继续保持状态；@上海上港集团足球俱乐部 上轮联赛没能全取3分，积分已被恒大逼近，本 ...全文,https://wx2.sinaimg.cn/large/9764bb42gy1fwkmxc1tqej20i210cand.jpg,,,2018-10-26,微博 weibo.com,11,8,3,爱体育,"绿地申花官方微博,上海上港集团足球俱乐部"
4299356050168052,【11月份，上海78场展览免费看】#午间时光#即将进入11月，小伙伴们不妨来看一场展览，陶冶一下自己的情操吧~11月，由@文化上海 等主办的“1+16”美术馆市民共享计划继续展开，包括@上海刘海粟美术馆@龙美术馆@上海中国画院 美术馆等在内的一批美术馆将陆续推出新展；上海历史博物馆的“海上琼英 国之瑰 ...全文,"https://wx1.sinaimg.cn/large/9764bb42gy1fwkmwy9vz0j20rb2dh7it.jpg,https://wx1.sinaimg.cn/large/9764bb42gy1fwkmx20l26j20rb3td1kx.jpg",,,2018-10-26,微博 weibo.com,103,31,114,午间时光,"文化上海,上海刘海粟美术馆,龙美术馆,上海中国画院"
4299329185886280,排骨这样做，吃完一块还想吃！ 上海发布的秒拍视频（网页链接） ,,"http://gslb.ins.miaopai.com/stream/ins_Mr1ufjAm8iEplN~g59KmgXiGl64W5G~q.mp4?time_stamp=1540527018421&Expires=1566189430&ssig=et%2B2ge%2BhBd&KID=unistore,video",,2018-10-26,秒拍客户端,33,16,27,,
4299328564523703,【上实浦东教育集团成立，来看看有哪7所学校成为“上实系”→】#连线各区#听说过上实吗？成立于1987年的上海市实验学校是上海唯一一所十年一贯制学校。@浦东发布 说：上实浦东教育集团近日正式成立！上海市实验学校为领衔学校；上海市致远中学、上海市浦东新区锦绣小学、上海市坦直中学等7所中小学为成 ...全文,https://wx3.sinaimg.cn/large/9764bb42gy1fwlg68glpyj20hi5rzu0y.jpg,,,2018-10-26,360安全浏览器,17,13,11,连线各区,浦东发布
4299327587361508,【重磅！进博会期间交通管制通告刚刚发布！】#交通资讯#@上海交警 说，为确保2018年首届中国国际进口博览会安全、顺利进行，根据《中华人民共和国道路交通安全法》等有关规定，上海市公安局决定于2018年11月1日至11月11日期间，对本市部分道路和区域采取临时交通管制措施。详见↓ ,https://wx1.sinaimg.cn/large/9764bb42gy1fwlg29jzozj20hi65f1kz.jpg,,,2018-10-26,360安全浏览器,41,24,57,交通资讯,上海交警
4299325855175675,【别给父母买！这15批次老视镜抽检结果不合格】#市场监管#@上海质监发布 近期对本市流通领域的30批次老视镜产品开展监督抽查发现，有15批次不合格。其中，2批次涉及到安全性指标项目，不合格项目为：球镜顶焦度偏差、光学中心单侧水平偏差和光学中心水平偏差。另有13批次涉及一般性能指标。详见↓ ,https://wx3.sinaimg.cn/large/9764bb42gy1fwkmwnlh05j20hi3px7wh.jpg,,,2018-10-26,微博 weibo.com,7,6,3,市场监管,上海质监发布
4299318049512492,【瑞士驻沪总领事：中国客户一定会对瑞士的顶尖产品感兴趣】#全球政要名人点赞进博会#今天是第40期，邀请到了瑞士驻上海总领事霍力轩。他表示，瑞士将会以国家馆的形式参与本届进博会，并且同时还会派高级别代表团前来。瑞士有很多内容可以展示，高质量、众多在不同领域的顶尖产品，中国客户一定会对这 ...全文,,http://gslb.miaopai.com/stream/WTeHOm8q4GO3TBb0EwlkIAdNy4bbPhysTWPMUA__.mp4?yx=&refer=weibo_app&vend=weibo&label=mp4_720p&mpflag=32,,2018-10-26,微博 weibo.com,10,12,4,全球政要名人点赞进博会,
4299310998300641,【进博会期间管理类职业统考延期至11月17、18日进行】#便民提示#@上海12333 说，为配合进博会顺利举办，现对进博会期间管理类职业统考鉴定安排进行如下调整：原定于11月3日、4日进行的管理类职业统考延期至11月17、18日进行。准考证下载时间为10月26日-11月2日；路径为网页链接。详见↓ ,https://wx1.sinaimg.cn/large/9764bb42gy1fwkmw16e8ij20hi1eqh31.jpg,,,2018-10-26,微博 weibo.com,12,12,10,便民提示,上海12333
4299302194885524,【虹桥枢纽9路10月30日起增加班次、缩短班次间隔】#交通资讯#@上海嘉定 说，为解决嘉定市民往来虹桥机场的出行需求，进一步提升服务水平，自10月30日起，虹桥枢纽9路由原来的每日100班增加至120班次，间隔由原来的15-25分钟缩短至10-25分钟。详见↓ ,https://wx3.sinaimg.cn/large/9764bb42gy1fwkmvowyhtj20hi2u31kx.jpg,,,2018-10-26,微博 weibo.com,17,17,14,交通资讯,上海嘉定
4299276966257880,【今早空气质量良，实时指数72】#空气质量#看下今早空气质量。早7时，全市PM2.5平均浓度为52，最高的虹口凉城和徐汇上师大60，最低的浦东张江49。实时空气质量指数72，优。逐小时更新数据请点网页链接 ,"https://wx4.sinaimg.cn/large/9764bb42gy1fwlbdm5fs8j20mw0h4dh4.jpg,https://wx4.sinaimg.cn/large/9764bb42gy1fwla8a01xmj2091062jra.jpg,https://wx2.sinaimg.cn/large/9764bb42gy1fwla8a1t8nj20kj0ax0t7.jpg,https://wx1.sinaimg.cn/large/9764bb42gy1fwla9058zvj20km0cemy5.jpg",,,2018-10-26,微博 weibo.com,18,19,15,空气质量,
4299271894772579,【早高峰路况：南北西侧等路段较拥堵】#交通资讯#@乐行上海 说，7：15快速路目前较拥挤的路段有：南北西侧共江路至威海路；延安南侧虹井路至延西立交；内环外侧大柏树至广中路；沪闵东侧莘庄至莲花路、桂林路至漕宝路；逸仙西侧殷高路至大柏树立交；中环内侧虹梅立交至漕宝路、广粤路至国定路等。请大 ...全文,https://wx4.sinaimg.cn/large/9764bb42gy1fwl9o17rmqj20j60emtab.jpg,,,2018-10-26,微博 weibo.com,13,5,9,交通资讯,乐行上海
4299266207630104,【今天多云，气温逐日下跌，16-22度】#早安上海#今天上午多云，早晨最低气温16℃左右，白天最高气温在22℃上下。受到冷空气影响，今天风力较大，西北风4-5级阵风6级。双休日和下周初，上海的中高空多为干冷空气控制，以晴或者多云的天气为主，气温总体保持在11-22℃之间。周末和下周初早晚有些冷，尤其 ...全文,https://wx2.sinaimg.cn/large/9764bb42gy1fwlazydc47j20ig0h9aao.jpg,,,2018-10-26,微博 weibo.com,25,18,41,早安上海,
4290787842055099,【每日一书·《远山——徐志摩佚作集》】#灯下夜读#本书收录了徐志摩佚作共141篇（首），大体分为诗歌、散文、日记、书信和其他等五类。其中不乏徐志摩关于社会主义学说的论文、为陆小曼译文所写的附注、与美国学者奥格登的通信原文等。喜欢徐志摩的读者朋友可别错过。 ,https://wx2.sinaimg.cn/large/9764bb42gy1fvsuzqv4gij20hi0q044b.jpg,,,2018-10-02,微博 weibo.com,11,7,6,灯下夜读,
4290750093079646,【“慢慢忘记全世界”，这种病的征兆有哪些？】#便民提示#作为老年人的常见病，阿尔茨海默病(俗称“老年痴呆”)的患病率随年龄增长而增高。在早期发现阿尔茨海默病的警示性信号，并尽早诊断和治疗，尤为重要。那么，这种病有哪些征兆呢？@健康上海12320  为你解答！详↓ ,https://wx2.sinaimg.cn/large/9764bb42gy1fvsuz2pn1sj20hi5jh1ky.jpg,,,2018-10-02,微博 weibo.com,20,19,25,便民提示,健康上海12320
4290726877271099,【明后两日天气晴好！受台风“康妮”影响，周五周六申城或有降雨和大风】#天气预报#今天是小长假第二天，大家过得怎么样呢？申城今天依旧风和丽日，明后两天的天气也与今天相仿。明天晴到多云，18~26度，气温较为舒适，不过早晚温差较大，郊区明晨最低温仅13-14度，大家早晚出行要谨防着凉。台风“康妮 ...全文,https://wx3.sinaimg.cn/large/9764bb42gy1fvu0a9rkf0j20ej0l6462.jpg,,,2018-10-02,微博 weibo.com,20,11,20,天气预报,
4290704794719273,【上海100多家3A-5A景区，国庆小长假任你浪！】#便民提示#国庆小长假即将来临，担心出游人挤人？不用出上海，100多家3A-5A景区一定有你心仪之处～具体名单及介绍详见下文。 ,https://wx1.sinaimg.cn/large/9764bb42gy1fvsuyrwhnvj20hi1zjb29.jpg,,,2018-10-02,微博 weibo.com,15,7,14,便民提示,
4290689695143393,【皮脆肉香！简单却又让人上瘾】#滋味#油亮亮的的脆皮鸡常常让人止不住的流口水，一口下去，肉汁饱满、香喷喷的滋味便立刻充斥在嘴巴里~今天美食达人臧晨晔就为小伙伴们带来一道外焦里嫩、肉质多汁的脆皮鸡，好吃到根本停不下来! ,https://wx4.sinaimg.cn/large/9764bb42gy1fvsuydu2wfj20hi1xye5w.jpg,,,2018-10-02,微博 weibo.com,25,8,17,滋味,
4290674595062326,【出行请收藏！浦东机场安检高峰时段提示 】#便民提示#黄金周出行的小伙伴留意了哦！@航旅直通车-上海机场 发布浦东机场安检高峰时段提示，市民出行请根据提示合理安排时间，提前2-3小时抵达机场办理乘机、过检手续，以免因交通拥堵、排队等候影响出行。 ,https://wx3.sinaimg.cn/large/9764bb42gy1fvsuxtknggj20j60j6gre.jpg,,,2018-10-02,微博 weibo.com,16,4,5,便民提示,航旅直通车-上海机场
4290659495680427,【10月26日欣赏帕沃·雅尔维与苏黎世音乐厅管弦乐团音乐会】#午间时光#本场音乐会，曾演绎过多首经典曲目的苏黎世音乐厅管弦乐团将携手爱沙尼亚指挥家帕沃·雅尔维带来《拉赫曼尼诺夫协奏曲第2号》及《马勒第5交响曲》两首作品。10月26日晚在@上海交响乐团 音乐厅，他们将为观众们奉上一场精彩的音乐盛宴 ...全文,https://wx1.sinaimg.cn/large/9764bb42gy1fvsuxhnauaj20hi1jsgzq.jpg,,,2018-10-02,微博 weibo.com,9,3,0,午间时光,上海交响乐团
4290629301772744,【实惠又好吃！“四大金刚”是你的最爱吗？】#爱上海爱申活#早餐，是一天中非常重要的一餐。上海的早餐种类也相当丰富，生煎、小笼、麻球、馄饨、馒头、老虎脚爪、锅贴……在这么多“实力派”中脱颖而出、力压群雄的有四种，上海人都称他们为“四大金刚”：大饼、油条、豆浆、粢饭，让来我们看看他们的 ...全文,https://wx2.sinaimg.cn/large/9764bb42gy1fvsux73a1bj20hi44z7wi.jpg,,,2018-10-02,微博 weibo.com,32,20,37,爱上海爱申活,
4290614202004390,【捷克贸易局局长：进口博览会有助于提高商贸效率】#全球政要名人点赞进博会#今天是第十六期，邀请到了捷克贸易局局长拉多米尔·多列扎尔。他认为，提高商贸工作效率的良好方法是能够有一个统一的商贸平台，而进口博览会正是这样一个关键的平台。上海发布的秒拍视频 ,,http://gslb.miaopai.com/stream/2c3fACRChKiXioOtE8a8qdsJB~hFjuWlY0V51g__.mp4?yx=&refer=weibo_app&vend=weibo&label=mp4_720p&mpflag=0,,2018-10-02,微博 weibo.com,10,7,9,全球政要名人点赞进博会,
4290599101999996,【这是一套上海话数学卷，快来测测你能考几分？】#爱上海爱申活#大家都知道，在上海话里，对数字的应用是非常灵活的。当词语或熟语里有了数字，就会显得更加生动形象。那么小伙伴们，㑚对上海话里的数字了解多少，又会使用多少呢？今天小布为大家出了一张试卷，小伙伴们可以测测这些带数字的上海话自己 ...全文,,http://gslb.miaopai.com/stream/GZFAD27OrDL36E-zcX2OxXkGdmFZsP5aBVao6A__.mp4?yx=&refer=weibo_app&vend=weibo&label=mp4_720p&mpflag=0,,2018-10-02,微博 weibo.com,82,57,82,爱上海爱申活,
4290577685923644,"【今早空气质量良，实时指数54】#空气质量#来看下今早空气质量。早7时，全市PM2.5平均浓度为26.0，最高的徐汇上师大（桂林路100号）36，最低的卢湾师专附小（局门路478号）16。实时空气质量指数54，良。逐小时更新数据请点上海市空气质量实时发布系统  ","https://wx2.sinaimg.cn/large/9764bb42gy1fvtj5dz8wcj20t60lxgni.jpg,https://wx2.sinaimg.cn/large/9764bb42gy1fvtj5duoj3j20pn0ddjs5.jpg,https://wx4.sinaimg.cn/large/9764bb42gy1fvtj5dxipaj20le0j5ta6.jpg,https://wx1.sinaimg.cn/large/9764bb42gy1fvtj5dtu2sj20g80atdg8.jpg",,,2018-10-02,微博 weibo.com,13,2,7,空气质量,
4290569226167970,【今天晴到多云，最高温25度】#早安上海#今天申城晴到多云，风力较昨日减小，中心城区最低气温18度左右（郊区更低些，多在15度上下），最高气温25度左右。国庆期间2-4日，本市在地面高气压控制下，天气晴好，利于大家出行。需要提醒的是，昼暖夜凉特征明显，一早一晚有些凉了，大家请注意提防。后期5-7 ...全文,https://wx3.sinaimg.cn/large/9764bb42gy1fvti6h7xomj20jw0j8my4.jpg,,,2018-10-02,微博 weibo.com,16,8,19,早安上海,
4282481811530271,【上海旅游节花车实景图剧透啦！哪辆是你的最爱？】#探索上海#2018上海旅游节将于下周六（15日）盛大开幕，当晚在淮海路举行的花车巡游无疑是市民游客们都很期待的重头节目之一。小布之前已经发布这25辆花车的效果图，今晚又特地到了花车的“集结地”，拍下他们的实景剧透照！小伙伴是否也期待它们盛装 ...全文,"https://wx4.sinaimg.cn/large/9764bb42gy1fv3pcfx6rmj20hi62w4qr.jpg,https://wx4.sinaimg.cn/large/9764bb42gy1fv3pcgklykj20hi5hgqv6.jpg",,,2018-09-09,微博 weibo.com,36,20,22,探索上海,
4282467433710948,【上海交通卡明起在Apple Pay推出开卡充值优惠，共20.28万名额→→】#便民提示#苹果手机的用户看过来，上海公共交通卡公司说，明天起至9月30日，凡通过Apple钱包或上海公交卡app首次开通Apple设备上海交通卡并进行充值的用户，即可享受10元优惠。数量有限，先到先得哦。详↓ ,https://wx2.sinaimg.cn/large/9764bb42gy1fv3mteo24gj20hi1zgnkq.jpg,,,2018-09-09,微博 weibo.com,45,117,45,便民提示,
4282452421891606,【每日一书•《高山》】#灯下夜读#从南极到北极，地球上的高山有多少？人类与世界上的大多数高山之间始终保持着紧密的联系，如将高山视为防御屏障，把山间峡谷当作贸易通道，让山间草地成为牧场，甚至将高山当作一种信仰……本书向读者展示了世界上那些令人印象深刻的宏伟高山，以及人类征服它们的故事 ...全文,https://wx3.sinaimg.cn/large/9764bb42gy1fv2x0ynqqij20hi0q0qe7.jpg,,,2018-09-09,微博 weibo.com,6,11,1,灯下夜读,
4282415675445904,【宝宝磕伤后，你该怎么办？】#便民提示#活泼好动是孩子的天性。户外活动时间增加，使得孩子跌倒、摔伤风险也随之增加：磕着碰着、擦伤摔伤……当孩子摔倒受伤时，家里的长辈总会念叨“不哭，揉揉就好了”，事实真是这样吗？还有哪些处理误区呢？@健康上海12320  来为你解答！↓ ,https://wx3.sinaimg.cn/large/9764bb42gy1fv2x0g6hi9j20hi280tsg.jpg,,,2018-09-09,微博 weibo.com,13,22,10,便民提示,健康上海12320
4282402279156365,【明天多云到阴，周二至周五天天阵雨】#天气预报#今天本市最高气温29度。经过这样一个蓝天白云的周日，小伙伴们有没有觉得心旷神怡？不过下周，申城天空的云系将会逐渐增多，明天阴到多云，最高温27度。下周二开始，申城天空将连续四天被降水笼罩，最高温缓慢爬升，至14日可达31度。建议小伙伴们出门常 ...全文,https://wx2.sinaimg.cn/large/9764bb42gy1fv3g7vheoqj20ej0l6ahc.jpg,,,2018-09-09,微博 weibo.com,9,19,22,天气预报,
4282370377238984,【上海动物园的这20种猛禽，你都认识哪些？】#探索上海#@上海动物园 的猛禽展区向来是小伙伴们感兴趣的地方，这里目前共饲养着猛禽20种，包括秃鹫、高山兀鹫、草原雕、黑耳鸢、金雕、红隼、雕鸮等等。望着里面飞来飞去的各种猛禽，你分得清TA们吗？今天就好好认识下这些大鸟~ ,https://wx2.sinaimg.cn/large/9764bb42gy1fv2wznbjalj20hic0s7wl.jpg,,,2018-09-09,微博 weibo.com,15,12,10,探索上海,上海动物园
4282355278078616,【毛豆、蚕豆、豌豆、荷兰豆.....这些常见豆类食材你分的清吗？】#滋味#毛豆、蚕豆、豌豆、荷兰豆.....各种常见的豆类食材，你分得清吗？它们都是绿绿的，长得很相似，不一小心就搞混了。今天@上海三农 就来为大家做个“豆子家族大揭秘”，教大家辨别各种豆类，然后把它们……吃掉！ ,https://wx3.sinaimg.cn/large/9764bb42gy1fv2wz26l1yj20hi3w9npd.jpg,,,2018-09-09,微博 weibo.com,25,29,14,滋味,上海三农
4282340178455025,【时代的烙印，影响一代人生活的“老虎灶”你还记得吗？】#上海记忆#现在，许多上海的年轻人可能已不晓得“老虎灶”为何物了，但对有点年纪的人来说，TA曾经是生活中难以忘怀的记忆。“老虎灶”是近代上海出现的一种专门售卖开水的店铺。随着社会发展，“老虎灶”终成过往，现在回忆那些昔日的烟火之气 ...全文,https://wx3.sinaimg.cn/large/9764bb42gy1fv2wyogz8lj20hi4rje82.jpg,,,2018-09-09,微博 weibo.com,20,26,18,上海记忆,
4282325082538813,【10月6日欣赏沪剧《雷雨》】#午间时光#曹禺先生的作品《雷雨》，以1925年前后的中国社会为背景，叙述一个家庭悲剧的同时，也反映了更为深层次的社会及时代问题。沪剧《雷雨》在尊重原著的基础上，对原作进行了有沪剧艺术特色的改编与创造。除了有传唱不衰的经典名段“盘凤”“四凤独叹”“幽会”，还 ...全文,https://wx2.sinaimg.cn/large/9764bb42gy1fv2wy1bcmcj20hi24oako.jpg,,,2018-09-09,微博 weibo.com,25,14,6,午间时光,
4282313250335144,"【体检发现肺部结节怎么办？""随访 or 手术""看这里→】#名医面对面#对于体检中发现的肺部结节，许多人会忧心忡忡，甚至怀疑自己患了肺癌，寿命不会太长。“肺部结节就是肺癌，都需要手术切除”——这种错误的观点目前普遍存在。你知道很多肺部疾病可以表现为肺部小结节么？那么检查出肺小结节之后怎么办 ...全文",https://wx4.sinaimg.cn/large/9764bb42gy1fv35muy5qgj20hi4bsx6p.jpg,,,2018-09-09,微博 weibo.com,28,22,35,名医面对面,
4282308418184200,【“动感号”来啦！上海到香港的高铁长这样！】#交通资讯#广深港高铁明起开始售票，9月23日正式投运。以后，从上海到香港只要8小时17分啦！这条线路上运行的列车会有不同吗？小伙伴们是不是也很好奇？@中国铁路 今天公布了广深港高铁“动感号”列车的外形及内饰图片，该型列车车身以银色为底色，白色及 ...全文,https://wx3.sinaimg.cn/large/9764bb42gy1fv35fq1o4ej20hi7lnkjn.jpg,,,2018-09-09,微博 weibo.com,263,259,234,交通资讯,中国铁路
4282293621090877,【上海人汏衣裳原来需要噶许多“装备”，侬侪晓得伐】#上海闲话#这两天天气不错，在家里汏汏弄弄，一定是勤劳小家庭双休日的好选择。朋友们，你们知道上海人汏衣裳有哪些必需品么？那些洗衣、晾衣用具用上海话应该怎么说？在出现洗衣液之前，上海人又是用的哪些清洁洗涤用品？家家户户必备的“汏衣裳擦 ...全文,"https://wx1.sinaimg.cn/large/9764bb42gy1fv2wwmpdloj20yq0yq7k4.jpg,https://wx2.sinaimg.cn/large/9764bb42gy1fv2wwmgbnqj20yq0yranu.jpg,https://wx2.sinaimg.cn/large/9764bb42gy1fv2wwtz8hvj20yq0yr16r.jpg,https://wx1.sinaimg.cn/large/9764bb42gy1fv2wwmi8nij20yq0yrk45.jpg,https://wx2.sinaimg.cn/large/9764bb42gy1fv2wwmskc6j20yr0yraoz.jpg,https://wx1.sinaimg.cn/large/9764bb42gy1fv2wwmtiw3j20yq0yrh19.jpg,https://wx4.sinaimg.cn/large/9764bb42gy1fv2wwmkkk0j20yq0yrgz3.jpg,https://wx4.sinaimg.cn/large/9764bb42gy1fv2wwmieh1j20yq0yrh0k.jpg,https://wx2.sinaimg.cn/large/9764bb42gy1fv2wwmdxlfj20yr0yr4dm.jpg",,,2018-09-09,微博 weibo.com,48,36,49,上海闲话,
4282278521416876,【沪上11所高校今年给新生送啥“见面礼”？快来找找属于你的那份吧】#教育新知#各大高校陆陆续续开学啦~按照惯例，沪上许多高校都会为大一新生准备“见面礼”，@复旦大学 的“大礼包”、@同济大学 的纪念徽章、@上海师范大学 的校园卡通地图、定制笔……每份礼物都传递了学校的历史和文化，表达了学校 ...全文,https://wx1.sinaimg.cn/large/9764bb42gy1fv2wvig4hfj20hiba8e85.jpg,,,2018-09-09,微博 weibo.com,25,8,7,教育新知,"复旦大学,同济大学,上海师范大学"
4282277435772616,【奉贤区部分机关事业单位招工作人员58人，报名截止9月11日】#劳动保障#正在找工作的筒子们看过来！@上海奉贤发布 说，该区部分机关事业单位正在面向社会公开招聘编外工作人员58人，岗位包括文员、质量管理、行政管理辅助等，9月11日截止报名。具体招聘条件、报名办法、岗位设置、考试安排等，详见↓ ,https://wx3.sinaimg.cn/large/9764bb42gy1fv31vjm44ej20hi2yse81.jpg,,,2018-09-09,微博 weibo.com,8,8,0,劳动保障,上海奉贤发布
4282262919020077,【发生工伤后，这三个步骤你要知道】#便民提示#@上海12333 说，按规定缴纳了工伤保险，从工伤发生到享受待遇，一般要走这三步：①工伤认定；②劳动能力鉴定；③工伤待遇申领。 具体办理期限、办理方式等详见↓ ,https://wx3.sinaimg.cn/large/9764bb42gy1fv2wuj834kj20go0t378w.jpg,,,2018-09-09,微博 weibo.com,28,10,34,便民提示,上海12333
4282243877179013,"【今早空气质量良，实时指数52】#空气质量#看下今天早上的空气质量。早7时，全市PM2.5平均浓度为23微克/立方米，最高的虹口凉城（凉城路854号）30，最低的浦东川沙（川环南路319号）19。实时空气质量指数52，良。逐小时更新数据请点上海市空气质量实时发布系统  ","https://wx3.sinaimg.cn/large/9764bb42gy1fv2y0ldyqpj20ha0csthe.jpg,https://wx4.sinaimg.cn/large/9764bb42gy1fv2y0lb2fij20lk0budgp.jpg,https://wx3.sinaimg.cn/large/9764bb42gy1fv2y0ledd7j20wb0h1gny.jpg,https://wx1.sinaimg.cn/large/9764bb42gy1fv2y0la9xej20g80atjru.jpg",,,2018-09-09,微博 weibo.com,18,8,7,空气质量,
4282233386760777,【今日最高28度，午后到傍晚有分散性短时阵雨】#早安上海#一清早起床，小伙伴们有没有被今天的蓝天惊艳到？今日申城多云到晴，午后到傍晚有分散性短时阵雨，最高28度，最低22度。下周，本市处于副高边缘地带，除周一多云到阴外，周二开始仍多阵雨天气，同时气温也会缓慢回升，预计到13日申城气温 ...全文,https://wx3.sinaimg.cn/large/9764bb42gy1fv2wsx4bnpj20co0c9jxh.jpg,,,2018-09-09,微博 weibo.com,19,11,27,早安上海,
4280640985860728,【每日一书•《论语新解》】#灯下夜读#本书为钱穆先生所作《论语》解读，重在“新解”，新在何处？本书汇集前人对《论语》的注疏、集注，博采众家观点，力求融会贯通，再加上作者自己的理解予以重新阐释，更能为当代读者所理解。 ,https://wx1.sinaimg.cn/large/9764bb42gy1fuwj0ry228j20hi0q0jyh.jpg,,,2018-09-04,微博 weibo.com,16,14,6,灯下夜读,
4280603489196502,【新居谨防空气污染】#便民提示#你知道吗？装修后半年，房间内甲醛、苯等污染物浓度即减少80％；装修后1年，浓度基本降到标准值上下。@全国卫生12320 说：新装修房屋最好开窗通风换气一定时间，有条件的话超过1年后入住为最佳。如果不能较长时间晾房，入住时应注意通风，尽量减少门窗长时间关闭的情况 ...全文,https://wx4.sinaimg.cn/large/9764bb42gy1fuwj0b68nij208x07oglw.jpg,,,2018-09-04,微博 weibo.com,21,33,27,便民提示,全国卫生12320
4280585138921488,【冷空气要来了！周五周六最高温仅26度】#天气预报#今天本市天气不错，但仍很闷热，最高温定格在32.9度。明天将延续晴到多云的好天气，最高温31度。周四夜里起，小伙伴们盼望已久的冷空气将过境，本市多阴雨，气温也随之下跌。尤其是周五周六，最高温仅为26度。闭上眼睛想象一下那两天走在路上的 ...全文,https://wx1.sinaimg.cn/large/9764bb42gy1fuxnid0lhaj20ej0l6jyz.jpg,,,2018-09-04,360安全浏览器,61,34,91,天气预报,
4280527986500843,【金山的筒子们注意啦！龙胜路改建工程已全面启动】#便民提示#龙胜路改建工程西起东平南路，东至杭州湾大道，路线全长2005.741m，道路规划红线宽30m，按城市次干路标准建设，计划于年底竣工。此外，即日起，朱平公路中修工程、朱吕公路整治工程也陆续进场施工。请过往车辆注意安全。 ,https://wx4.sinaimg.cn/large/9764bb42gy1fuwj1459hsj20ku4wf1kx.jpg,,,2018-09-04,微博 weibo.com,9,11,7,便民提示,
4280512136361981,【10月5日欣赏“梁祝&黄河”经典名曲交响音乐会】#午间时光#《梁祝》《黄河》都是大家耳熟能详的优秀音乐作品。《梁祝》优美的旋律、凄美动人的故事、小提琴家的精彩演绎，感动着很多听众；而钢琴协奏曲《黄河》则传递着顽强不息和奋发向上的精神。10月5日来@ 上海音乐厅，感受TA们的激情吧。 ,https://wx1.sinaimg.cn/large/9764bb42gy1fuwj0w7llwj20hi24otkc.jpg,,,2018-09-04,微博 weibo.com,6,9,1,午间时光,
4280473628545471,【共同呵护孩子的眼睛！收好这份科学护眼指南！】#长知识#近年来，我国学生的近视问题日益严重且低龄趋势明显，严重影响身心健康。视力下降有哪些信号？怎样消除眼部疲劳？戳↓↓转给家长，给孩子一个光明的未来！via@人民日报 ,"https://wx4.sinaimg.cn/large/9764bb42gy1fuwizyt2pjj20dw0k3tbv.jpg,https://wx2.sinaimg.cn/large/9764bb42gy1fuwizzv13wj20dw0jgdiz.jpg,https://wx4.sinaimg.cn/large/9764bb42gy1fuwj00y1q6j20dw0nodiy.jpg,https://wx4.sinaimg.cn/large/9764bb42gy1fuwj021lsoj20dw0p0jvq.jpg,https://wx2.sinaimg.cn/large/9764bb42gy1fuwj02x4paj20dw0ec408.jpg,https://wx2.sinaimg.cn/large/9764bb42gy1fuwj0493xbj20dw0k30ww.jpg,https://wx2.sinaimg.cn/large/9764bb42gy1fuwj05fis3j20dw0il427.jpg,https://wx3.sinaimg.cn/large/9764bb42gy1fuwj06dfo2j20dw0gf0vn.jpg,https://wx3.sinaimg.cn/large/9764bb42gy1fuwj07a113j20dw0iladn.jpg",,,2018-09-04,微博 weibo.com,28,14,44,长知识,人民日报
4280466834210245,【静安出入境管理办公室9月9日-13日暂停受理】#连线各区#市公安局出入境管理局说：静安公安分局出入境管理办公室所在的上海市青少年活动中心（汉中路188号），定于9月9日至13日实施清场封闭施工。施工期间，静安公安分局出入境管理办公室各受理窗口暂停对外接待，取证服务正常开展。9月14日（周五）起 ...全文,https://wx4.sinaimg.cn/large/9764bb42gy1fuwiz8l5l8j20ku0n8q5k.jpg,,,2018-09-04,微博 weibo.com,8,7,6,连线各区,
4280460794525616,【闵行将添一处可休闲漫步、赏花观景的亲水平台！】#便民提示#丰盛河，是一条南北向贯穿梅陇镇的大河，北起银都路，南至后浜，全长3954米，水域面积46048㎡。@上海闵行 说，如今，丰盛河正在进行拓宽延伸改造，河面从15米拓宽到45米，水深从2米下挖到4米。沿岸还将建设亲水平台、健身步道，进行绿化升 ...全文,https://wx2.sinaimg.cn/large/9764bb42gy1fuwiyy43o7j20hi520npe.jpg,,,2018-09-04,微博 weibo.com,17,13,4,便民提示,上海闵行
4280432524614645,"【今早空气质量优轻度污染，实时指数113】#空气质量#来关注下今早空气质量。早7时，全市PM2.5平均浓度为85，杨浦四漂（平凉路1398号）、浦东张江（祖冲之路295号）89，最低的青浦淀山湖（淀峰渔民村1号）72。实时空气质量指数113，轻度污染。逐小时更新数据请点上海市空气质量实时发布系统  ","https://wx3.sinaimg.cn/large/9764bb42gy1fux5z9d66vj20s70l27mt.jpg,https://wx4.sinaimg.cn/large/9764bb42gy1fux5z8jm6uj20l40b23zd.jpg,https://wx4.sinaimg.cn/large/9764bb42gy1fux5z8fcl9j20hh0eu752.jpg,https://wx3.sinaimg.cn/large/9764bb42gy1fux5z8esgbj20g80atdg0.jpg",,,2018-09-04,360安全浏览器,13,22,14,空气质量,
4280426199058962,【早高峰路况：南北西侧等路段较拥堵】#交通资讯#@乐行上海 说，7：10快速路目前较拥挤的路段有：南北西侧共江路至汶水路、中环共和立交至共和立交；延安南侧虹桥枢纽至延西立交、北侧虹许路出口至入口；内环外侧大柏树至广中路；沪闵东侧莘庄至莲花路、桂林路至漕宝路；逸仙西侧殷高路至场中路；中环 ...全文,https://wx1.sinaimg.cn/large/9764bb42gy1fux59p6gyzj20j60dkgow.jpg,,,2018-09-04,360安全浏览器,10,6,5,交通资讯,乐行上海
4280423599672654,【今天最高温度33度，本周最高温度可下探至28度！】#早安上海#近两天堪比黄梅天，不过气温要开始下探啦！今天多云到晴，今天最高温度33度，最低温度26度。明天多云到晴，6日、7日将有雨水光顾。最高温度将下探，周五周六最高温度仅28度左右，湿热的天气就要说拜拜啦~ ,https://wx1.sinaimg.cn/large/9764bb42gy1fux4yxfqefj20lv0l87gj.jpg,,,2018-09-04,360安全浏览器,32,21,53,早安上海,
4276316444793131,【9月20日前，教职工购买上海迪士尼乐园门票有优惠！】#便民提示#教师节马上到了。市教委、市教育工会联合上海迪士尼度假区为广大教师送上节日礼遇。即日起至9月20日期间，教职工凭本人教师身份证明以及本人的有效身份证件，购买上海迪士尼乐园一日票，可享受高峰日389元、平日289元的礼遇价。详情↓ ,https://wx4.sinaimg.cn/large/9764bb42ly1fuk19q4uc1j20hi1dwh45.jpg,,,2018-08-23,360安全浏览器,27,57,49,便民提示,
4276309812673384,【快讯：今年“上马”11月18日开跑！明早10点起开放报名】#最新#@上海国际马拉松赛官微 今天宣布，2018年“上马”将于11月18日从外滩金牛广场起跑，终点在上海体育场。今年在项目人数分配上有所调整，各参赛组人数为：全程25000人，10公里6000人，健身跑7000人。明天上午10:00起开放报名， ...全文,https://wx3.sinaimg.cn/large/9764bb42ly1fuk0i7ig1ij20hi64a7wi.jpg,,,2018-08-23,360安全浏览器,35,44,47,最新,上海国际马拉松赛官微
4276306377517564,【重磅！《黄浦江、苏州河沿岸地区建设规划》今起征求您的意见！】#最新#将黄浦江沿岸地区建设成全球城市发展能级的集中展示区、将苏州河沿岸地区建设成特大城市宜居生活的典型示范区……市规土局说，今天起至9月22日，广泛征求公众对于《黄浦江、苏州河沿岸地区建设规划》的意见和建议，期待市民朋友 ...全文,https://wx1.sinaimg.cn/large/9764bb42ly1fuk03vww7bj20hi86lnpf.jpg,,,2018-08-23,360安全浏览器,24,65,25,最新,
4276249297577590,【沪招聘1052名政府专职消防员！明早9点起报名】#便民提示#@上海消防 今天发布，面向社会公开招聘1052名政府专职消防员，包括战斗员、执勤车驾驶员、船艇操控员、水域救援员等岗位，实行工作4天休息2天的工休制度。8月24日09:00至9月20日16:00通过网络报名。详细报名方式、岗位要求、工资薪金、体能测 ...全文,https://wx3.sinaimg.cn/large/9764bb42gy1fujs8bnz6bj20ku6fdkjn.jpg,,,2018-08-23,微博 weibo.com,25,36,18,便民提示,上海消防
4276243254346067,【用户账户注销难，20家互联网企业被要求整改！】#市场监管#针对互联网用户个人信息安全事件频发、用户账号注销困难等突出问题，市通信管理局对本市80余家互联网企业及其260余项互联网业务的用户账号可注销情况进行专项抽查。检查发现，饿了么、天天果园、家乐福电商、前程无忧、安居客等APP存在注销入 ...全文,https://wx4.sinaimg.cn/large/9764bb42gy1fujs7c7stbj20ku147nk8.jpg,,,2018-08-23,微博 weibo.com,19,25,8,市场监管,
4276237331503885,【你家小区蚊子多不多？沪将开展5次防蚊灭蚊集中行动！】#便民提示#三伏天即将过去，蚊子却越来越厉害了？市卫生计生委说：即日起至25日、9月3日至8日、9月17日至21日、10月8日至13日、10月29日至11月3日，在全市组织开展5次爱国卫生防蚊灭蚊集中行动，重点组织清洁家园、雨后清积水活动，持续开展蚊虫 ...全文,https://wx1.sinaimg.cn/large/9764bb42gy1fujs6ly6ttj20ku5tw4i8.jpg,,,2018-08-23,微博 weibo.com,11,39,14,便民提示,
4276226581184258,【后天起4天有雨！最高温将回落至30度左右】#天气预报#今日是处暑节气，代表着气温由炎热向凉爽过渡。申城延续了白云朵朵的好天气，最高温32.1度。明天多云，夜里转阴到多云有短时阵雨，最高31度。从双休日到下周初，申城天空将多阵雨，最高温进一步下探到30度左右。小伙伴们外出游玩时记得带伞哦！ ,https://wx2.sinaimg.cn/large/9764bb42gy1fujqw9phtxj20ej0l67bf.jpg,,,2018-08-23,微博 weibo.com,19,10,19,天气预报,
4276193932974324,【闵行41路东川路施工，终点站临时搬迁】#便民提示#@巴士发布 说，为配合东川路（龙吴路-通海路）施工路段封闭，自9月3日起至2019年2月，闵行41路东川路龙吴路终点站将临时迁移至江川东路龙吴路。闵行41路调整走向，详见下图↓ ,https://wx2.sinaimg.cn/large/9764bb42gy1fuj89pkv3lj20j60i6djt.jpg,,,2018-08-23,微博 weibo.com,8,8,4,便民提示,巴士发布
4276185376709259,【9月1日起，崇明e乘巴士2号线要降价了!】#便民提示#@上海崇明 说，为方便更多崇明西北部地区市民出行，新海镇跃进场部至汶水路公交枢纽站的e乘巴士崇明2号线已开通。该线由跃进出发，沿北沿公路，停靠新海镇、红星农场、森林公园、风伟新村等站点。9月1日起，单程票价将由30元降为25元。详见↓ ,https://wx3.sinaimg.cn/large/9764bb42gy1fuj89gzq53j20hi2z54qp.jpg,,,2018-08-23,微博 weibo.com,12,13,12,便民提示,上海崇明
4276178578206613,【杨浦这条路将设置潮汐式车道】#交通资讯#@上海杨浦 说，为缓解中原地区出行拥堵的情况，自8月25日起，杨浦区将在包头路（国和路—民星路）设置潮汐式车道。早高峰及平峰时段实施北向南两根车道，南向北一根车道；晚高峰16：00至19：00实施南向北两根车道，北向南一根车道。详情↓ ,https://wx3.sinaimg.cn/large/9764bb42gy1fuj8953i32j20hi1v5tj9.jpg,,,2018-08-23,微博 weibo.com,9,13,7,交通资讯,上海杨浦
4276156683448326,【9月27日至29日欣赏西班牙国家芭蕾舞团《弗拉门戈之夜——塞维利亚组曲》】#午间时光#本场演出，西班牙国家芭蕾舞团将为大家献上四段风格各异的作品：《法鲁卡》《披肩孤调》《波莱罗》《塞维利亚组曲》。经典的弗拉门戈节奏脚步，曼妙的身体和手臂动作伴随抑扬顿挫的鼓点，舞者们将为观众们献上一次 ...全文,https://wx1.sinaimg.cn/large/9764bb42gy1fuj88tmqznj20hi2egtl8.jpg,,,2018-08-23,微博 weibo.com,18,16,4,午间时光,
4276125876282679,【快讯！沪2018学年少儿住院基金9月1日起集中参保缴费！0-5岁110元、6岁以上100元】#最新#家长朋友们看过来！市少儿住院互助基金管理办公室今早发布，2018学年上海市中小学生、婴幼儿住院医疗互助基金（简称“少儿住院互助基金”）集中参保缴费将于9月1日启动。分两个年龄段收费：0-5周岁儿童（指2012 ...全文,https://wx2.sinaimg.cn/large/9764bb42gy1fujfdqrq0ej20hi0wg16m.jpg,,,2018-08-23,360安全浏览器,54,82,69,最新,
4276125225655455,【注意了！奉贤多条道路停车位施工】#便民提示#奉贤的筒子们注意啦！@上海奉贤发布 说，为确保“智慧停车”工程建设顺利实施，保障施工安全和交通安全、顺畅，拟对菜场路、江南路、南星路等多条路段停车位进行施工，并采取临时禁停措施。届时，请按照现场交通标志指示通行。 ,https://wx1.sinaimg.cn/large/9764bb42gy1fuj8821f0dj20hi4vyu0x.jpg,,,2018-08-23,微博 weibo.com,5,10,7,便民提示,上海奉贤发布
4276118179190512,【嘉定招聘29名家庭医生行政助理，8月31日前报名】#劳动保障#@上海嘉定 说，为了让家庭医生有更多的时间和精力为签约居民做好医疗和健康管理工作，嘉定特面向社会公开招聘29名家庭医生行政助理。有意者请将报名表发送至jdwszp@163.com，8月31日截止。详见↓ ,https://wx4.sinaimg.cn/large/9764bb42gy1fuj87otg16j20hi2cg4ll.jpg,,,2018-08-23,微博 weibo.com,7,11,4,劳动保障,"上海嘉定,163"
4276110130516797,【@驾驶员们！浦东新装20余套电子警察专查开车玩手机、打电话】#交通资讯#开车打手机的车祸率是平时6倍，发微信则高达23倍！每一次开车打手机，对自己或他人都可能是生命的最后一秒！@浦东交警 说，浦东内环、中环、华夏高架已全线开通20余套电子警察，专查开车玩手机、拨打电话的违法行为，并逐步向其 ...全文,https://wx3.sinaimg.cn/large/9764bb42gy1fuj85ps453j20hi2btayo.jpg,,,2018-08-23,微博 weibo.com,19,17,15,交通资讯,"驾驶员们,浦东交警"
4276088991536606,【处暑】#节气#今日处暑节气，代表气温由炎热向凉爽过渡。这个时节，紫薇花盛放。紫薇花期很长，有“百日红”之称，有玫红、大红、深粉红、淡红或紫色、白色等颜色。它还有个好玩的名字叫“痒痒树”，当你用手轻挠树干时，它的枝叶会晃动，像怕痒一样！ ,https://wx1.sinaimg.cn/large/9764bb42gy1fuj85d5hzfj20mk0mkne4.jpg,,,2018-08-23,微博 weibo.com,44,22,40,节气,
4276079349252104,【早高峰路况：南北西侧等路段较拥堵】#交通资讯#@乐行上海 说，7：20快速路目前较拥挤的路段有：南北西侧广中西路路至共和立交；延安北侧延西立交至虹桥枢纽；内环外侧大柏树至广中路；沪闵东侧莘庄至莲花路、桂林路至漕宝路；中环内侧顾戴路至漕宝路、外侧中环共和立交至沪太路等。请大家谨慎驾驶、 ...全文,https://wx4.sinaimg.cn/large/9764bb42gy1fuja1fq4vhj20j60dojut.jpg,,,2018-08-23,微博 weibo.com,5,9,8,交通资讯,乐行上海
4276073661570822,【今天处暑，月末多阵雨，热度减退】#早安上海#今天延续多云天气，午后有分散性短时阵雨，最高33度。周六起，申城天空将多阵雨，至少会延续到下周一。处暑表示炎热的暑天将要过去，暑气即将结束，早上起床有没有感到一丝凉爽？不过在处暑期间，冷空气势力往往不强，副热带高压控制下炎热天气容 ...全文,https://wx1.sinaimg.cn/large/9764bb42gy1fuj9a6idxpj20hy0h6753.jpg,,,2018-08-23,微博 weibo.com,28,38,64,早安上海,
4257460736320287,【华为部分手机7月31日前开通虚拟交通卡免开卡费，限10万名额！】#便民提示#使用华为手机的市民朋友看过来。上海公共交通卡公司说，即日起至7月31日，华为手机用户开通上海公共交通卡可免收27元的开卡服务费，共计10万名额，先到先得。参与方式、支持地区和机型等，详见下文↓ ,https://wx2.sinaimg.cn/large/9764bb42gy1fsvvcgv1koj20hi6afnpd.jpg,,,2018-07-02,便民提示超话,39,58,24,便民提示,
4257457239046119,【沪进一步规范企业购买商品住房行为】#最新#市住建委、市房管局今天出台规定，自7月3日起，企业购买商品住房必须同时满足设立年限已满5年、在本市累计缴纳税款金额已达100万人民币、职工人数10名及以上且按照规定在该企业缴纳社保和公积金满5年等条件（已缴纳税款金额满500万元以上的企业除外）。同时 ...全文,https://wx4.sinaimg.cn/large/9764bb42gy1fsvvbjrjb1j20hi19016h.jpg,,,2018-07-02,360安全浏览器,20,18,28,最新,
4257444383261830,【空调维修消费体察报告出炉！虚构故障为主要问题】#消费警示#为了解上海家电维修行业的执业规范和诚信经营等情况，@上海市消保委 挑选了淘宝、58同城、百度、大众点评等11家平台及部分空调服务商作为对象开展消费体察。体察结果发现，虚构故障问题在空调维修领域较为突出，主要包括：①谎称机器缺少制 ...全文,https://wx3.sinaimg.cn/large/9764bb42gy1fsvtdriovvj20hi1zwdzm.jpg,,,2018-07-02,微博 weibo.com,7,12,16,消费警示,上海市消保委
4257440608197558,【每日一书•《中国古代建筑概说》】#灯下夜读#中国古代的都市都长什么样？本书按不同建筑结构和规划的特点，对中国古代土木建筑、都城规划、建筑外观等进行了深入研究，总结了中国古代城市和大建筑群的规划、布局手法，为读者展示了中国古代建筑的普遍特点。 ,https://wx1.sinaimg.cn/large/9764bb42gy1fsvqrc6dwyj20hi0q0jx9.jpg,,,2018-07-02,微博 weibo.com,9,0,3,灯下夜读,
4257439954419178,【遇地铁延误，这三种渠道可获取电子致歉信！】#便民提示#坐地铁万一碰到延误，只能在车站排队领道歉信？不用那么麻烦，现在可领电子致歉信！申通地铁集团说，上海地铁官网运营专页对原有的“列车延误告知”版块进行改版升级，乘客可在上海地铁（除磁浮线）发生15分钟及以上晚点时，即时在官网获取加盖 ...全文,https://wx4.sinaimg.cn/large/9764bb42gy1fsvtc3fibdj20hi3431kx.jpg,,,2018-07-02,便民提示超话,21,19,30,便民提示,
4257433599778762,【@家长们，百所公办初中“强校工程”了解一下( 附116所实验校名单 )】#教育新知#加强市级名校长和名师（含培养对象）在“实验校”的配备，确保每一所“实验校”都有一名市级名校长（含培养对象、特级校长）、两名名师（含培养对象、特级教师）；第四期“双名工程”教师“种子计划”优先选取“实验校” ...全文,https://wx4.sinaimg.cn/large/9764bb42gy1fsvslkoc6jj20hi4fokjl.jpg,,,2018-07-02,360安全浏览器,17,23,23,教育新知,家长们
4257417451936669,【盘点母乳喂养的四大误区，你是不是也犯过这些错误？】#便民提示#大家都知道，无论是从孩子生长发育还是母亲身材恢复，母乳喂养都是好处多多。那么母乳喂养你都做对了吗！母乳不够怎么办？宝宝饿了才喂奶？如何正确催乳？你都知道吗！赶紧戳图↓跟着@全国卫生12320 学起来！ ,https://wx1.sinaimg.cn/large/9764bb42gy1fsvqr1ehdvj20dc1w7119.jpg,,,2018-07-02,便民提示超话,7,8,10,便民提示,全国卫生12320
4257382869683081,【“因人施讲”更生动讲好红色故事→】#申城先锋#去年6月30日，中共二大会址纪念馆在闭馆整修4个月后重开，年均参观者激增到30多万人次，这对仅有19人组成的二大纪念馆工作团队来说却是巨大挑战。如何在应对好大客流的同时，让每一位参观者的体验“不打折”？如何更生动地讲好红色故事，让参观者能有所 ...全文,https://wx1.sinaimg.cn/large/9764bb42ly1fsvmruhvkpj20hi4slqv5.jpg,,,2018-07-02,微博 weibo.com,6,1,2,申城先锋,
4257378934987156,【闷热+雷阵雨！明起5天继续供应梅雨套餐】#天气预报#今天最高温32.4度，但湿度较大，小伙伴们是不是感觉闷热难当？明天阴到多云，午后有分散性阵雨或雷雨，最高温31度，相对湿度依旧达60%-90%，与今天相差无几。未来几天气温逐渐攀升，而且午后几乎都有雷阵雨。建议带好雨具，有备无患哦~~ ,https://wx2.sinaimg.cn/large/9764bb42gy1fsvmbt3odjj20ej0l6jyv.jpg,,,2018-07-02,微博 weibo.com,19,17,39,天气预报,
4257350015432435,【旧区改造、三大商圈升级、打造博物馆群落……杨浦将如何争“C位”？】#连线各区# 共青森林公园、五角场、长阳创谷、杨浦滨江、大学路.....这些地方你都去过么？你知道杨浦的未来将会怎样改变么？东方广播中心和上海发布联合制作的“打响上海四大品牌，改革开放再出发——2018区委书记访谈”系列节目 ...全文,https://wx1.sinaimg.cn/large/9764bb42gy1fsvhxk3erkj20focmxnpj.jpg,,,2018-07-02,微博 weibo.com,11,15,4,连线各区,
4257342209610027,【本月起，上海动物园大猩猩科普讲解时间调整至下午2点】#便民提示#有喜欢与大猩猩面对面的小伙伴吗？@上海动物园 说，每周六、日下午的大猩猩科普讲解吸引很多游客的目光，来大猩猩馆的朋友们千万别错过哦7月开始进入高温季，讲解时间调整至下午2点开讲啦（如遇特殊情况讲解取消）。 ,"https://wx1.sinaimg.cn/large/9764bb42gy1fssgsys5v2j20j60ee0wk.jpg,https://wx4.sinaimg.cn/large/9764bb42gy1fssgszoq60j20j60eewi3.jpg,https://wx4.sinaimg.cn/large/9764bb42gy1fssgt0ritmj20j60p1tdl.jpg,https://wx1.sinaimg.cn/large/9764bb42gy1fssgt1saxnj20j60eegoo.jpg,https://wx1.sinaimg.cn/large/9764bb42gy1fssgt2okytj20j60arjt2.jpg,https://wx3.sinaimg.cn/large/9764bb42gy1fssgt3pju5j20j60ar409.jpg",,,2018-07-02,便民提示超话,22,15,23,便民提示,上海动物园
4257341145327388,【沪今年已新开工1.5万套市属保障房，分布在这些区域】#便民提示#市重大办说，今年本市计划开工的4.2万套市属保障性住房中，已实现新开工1.5万余套，约113万平方米。项目主要分布在奉贤、浦东、松江、闵行、宝山、嘉定等区域，包括奉贤南桥、浦东惠南民乐、松江南站、闵行浦江、宝山顾村、嘉定云翔等基 ...全文,https://wx1.sinaimg.cn/large/9764bb42gy1fsvhz34x4jj20hi10yqlf.jpg,,,2018-07-02,便民提示超话,108,235,89,便民提示,
4257337429196441,【手机号不用了停机就好？记住换号前务必解除绑定！】#长知识#你知道吗？如果停用的手机号没有解绑银行卡、支付工具、社交账号…极有可能泄露个人信息，非常危险！更换手机号前千万记得变更这些信息↓↓正值毕业季换号高峰期，扩散提醒！ via@人民日报 ,"https://wx2.sinaimg.cn/large/9764bb42gy1fssgsenapfj20dw0dw75v.jpg,https://wx2.sinaimg.cn/large/9764bb42gy1fssgsfoo2ej20dw0dwwg6.jpg,https://wx1.sinaimg.cn/large/9764bb42gy1fssgsgzi1sj20dw0gkq5j.jpg,https://wx2.sinaimg.cn/large/9764bb42gy1fssgshzfksj20dw0dwgna.jpg,https://wx3.sinaimg.cn/large/9764bb42gy1fssgsj15svj20dw0gp40q.jpg,https://wx1.sinaimg.cn/large/9764bb42gy1fssgsk7k01j20dw0dw76q.jpg,https://wx1.sinaimg.cn/large/9764bb42gy1fssgslhlt2j20dw0dwabu.jpg,https://wx2.sinaimg.cn/large/9764bb42gy1fssgsmuxdej20dw0dwtaj.jpg,https://wx2.sinaimg.cn/large/9764bb42gy1fssgso2uwqj20dw0dwabs.jpg",,,2018-07-02,微博 weibo.com,38,7,64,长知识,人民日报
4257322328941286,【本周文艺菜单：音乐会、话剧舞台精彩纷呈】#一周文艺#7月的沪上文艺舞台好戏不断，看看本周有哪些值得期待的精彩节目：本周“奥地利布鲁克纳童声合唱团音乐会”“马勒第四交响曲 ”“柏林爱乐十二把大提琴音乐会”等音乐会都将与大家见面；《两只狗的生活意见》《一仆二主》《迷局》等也将为大家带来 ...全文,https://wx3.sinaimg.cn/large/9764bb42gy1fssgnlfydmj20hi1h51kx.jpg,,,2018-07-02,微博 weibo.com,11,1,3,一周文艺,
4257289865650225,【电池可能引发起火，部分进口Panasonic牌笔记本电脑被召回】#质量安全#国家市场监管总局消息，松下电器（中国）有限公司即日起召回部分进口Panasonic牌笔记本电脑产品，其中CF-SX系列型号产品的生产日期为2012年9月至2017年12月、CF-AX系列型号产品的生产日期为2013年6月至2015年10月，中国大陆地区受 ...全文,https://wx4.sinaimg.cn/large/9764bb42gy1fssgn6yic5j20hh0vw4a8.jpg,,,2018-07-02,微博 weibo.com,2,0,6,质量安全,
4257279039115535,【“鹅生”最讨厌的夏季来啦！企鹅体检了解一下→】#探索上海#经过疾病多发和各种病原微生物活动增强的春季后，企鹅们迎来了“鹅生”最讨厌的夏季。@上海动物园 说，为了保障TA们能顺利度夏，且不打扰企鹅的吃饭时间，减少气温升高对企鹅本身的应激，兽医们选择在早上企鹅们采血。今年新孵化出的 ...全文,https://wx4.sinaimg.cn/large/9764bb42gy1fssgm9t0s9j20j60eewg2.jpg,,,2018-07-02,微博 weibo.com,15,2,2,探索上海,上海动物园
4257272248744614,【这10批次药品抽检不符合规定】#质量安全#国家药监局通报10批次药品不符合规定。其中，标示为通化兴华药业有限责任公司、哈尔滨中药六厂有限公司生产的3批次刺五加颗粒，标示为安徽捷众生物化学有限公司、四川省天府神龙中药饮片有限公司生产的2批次地黄等10批次不符合规定。不符合规定项目为性 ...全文,https://wx2.sinaimg.cn/large/9764bb42gy1fssgm0yu9gj20hh15cqgr.jpg,,,2018-07-02,微博 weibo.com,3,8,6,质量安全,
4257266209150221,【坐地铁太冷太热怎么办？请拨打电话64370000告知车厢号！】#便民提示#进入高温季，你是不是曾遇到坐地铁挤得浑身冒汗，换乘后却恨不得棉衣裹身的尴尬？@上海地铁shmetro 说，如感到车厢温度异常，可拨打地铁服务热线64370000告知具体车厢号，司机将及时调整空调温度。详见↓ ,https://wx2.sinaimg.cn/large/9764bb42gy1fssglmzxetj20j60pr0ul.jpg,,,2018-07-02,便民提示超话,116,95,117,便民提示,上海地铁shmetro
4257244315262988,【生逢1978，我们的故事④她是书屋管理员，也是城市变迁记录者】#最榜样#申军华是上海城投水务集团闸北水厂职工书屋管理员。作为改革开放的同龄人，土生土长于上海的她将视角投向广阔的社会，从一个市民的视角，行走记录书写，与大家分享她热爱的上海。请戳→上海发布的秒拍视频  查看图片,,http://gslb.miaopai.com/stream/u6w8y-VSkmOpSJ7OLcAVARCOqZnTTYTE6-dE~g__.mp4?yx=&refer=weibo_app&vend=weibo&label=mp4_720p&mpflag=0,,2018-07-02,最榜样超话,14,10,14,最榜样,
4257238648038961,【今早空气质量优，实时指数29】#空气质量#今早空气质量不错。早7时，全市PM2.5平均浓度为11.4微克/立方米，最高的杨浦四漂（平凉路1398号）15，最低的卢湾师专附小（局门路478号）、虹口凉城（凉城路854号）、静安监测站（武定西路1480号）8。实时空气质量指数29，优。逐小时更新数据请点 ...全文,"https://wx3.sinaimg.cn/large/9764bb42gy1fsv67gzwm6j20n50h87h2.jpg,https://wx3.sinaimg.cn/large/9764bb42gy1fsv67gq3lsj20hx0ccjro.jpg,https://wx4.sinaimg.cn/large/9764bb42gy1fsv67gqza8j20ro0c8js2.jpg,https://wx2.sinaimg.cn/large/9764bb42gy1fsv67gqeqtj20g80atq39.jpg",,,2018-07-02,UC浏览器电脑版,8,1,13,空气质量,
4257233833649525,【早高峰路况：南北西侧等路段较拥堵】#交通资讯#@乐行上海 说，7：15目前快速路较拥挤路段有：南北西侧共江路至汶水路、中环共和立交至中兴路；延安虹桥枢纽至延西立交双向；内环外侧大柏树至广中路；沪闵东侧莘庄至莲花路、桂林路至漕宝路；中环内侧沪嘉立交至万荣路、广粤路至国定路，外侧广粤路至 ...全文,https://wx2.sinaimg.cn/large/9764bb42gy1fsv5nr16qlj20j60domyq.jpg,,,2018-07-02,UC浏览器电脑版,5,1,8,交通资讯,乐行上海
4257229496771449,【今天最高32度 本周工作日天天有雷阵雨“套餐”】#早安上海#新的一周又开始了，大家都调整好工作的状态了吗？今天上海多云到阴，午后有分散性短时阵雨或雷雨，最高温32度，最低26度。未来几天，申城午后多有雷阵雨，最高温33到34度。黄梅天还是很闷很潮啊，不知道什么时候可以出梅呢~ ,https://wx2.sinaimg.cn/large/9764bb42gy1fsv553es9ij20fs0fawmi.jpg,,,2018-07-02,UC浏览器电脑版,17,12,38,早安上海,
4247328729093228,【嘉定这8条道路全面完工，还有这些道路即将大修竣工→】#连线各区#关心嘉定的亲看过来@上海嘉定 说：新建一路(启秀路-浏翔公路)、昌吉东路(嘉松北路-于田路)、崇教路(永盛南路-阿克苏南路)、汇源路(城北路-胜辛北路)等8条道路已经全面完工；凤池路(富蕴路-阳川路)等道路即将大修竣工。各项工程完 ...全文,https://wx1.sinaimg.cn/large/9764bb42ly1frzjtu82cjj20hi7j0e83.jpg,,,2018-06-04,微博 weibo.com,6,5,6,连线各区,上海嘉定
4247326463125185,【沪社保卡管理办法拟做8处修订！今起征求公众意见】#最新#自今年1月起，上海已开展新版社会保障卡的试点换发工作。在总结试点实践的基础上，市公安局按照新版社会保障卡的服务功能和管理要求，作了相应修改，主要涉及8个方面。今天起至7月5日，修订草案公开征求意见，全文详见网页链接 ,https://wx2.sinaimg.cn/large/9764bb42ly1frzjkaw84oj20hi1sn4qp.jpg,,,2018-06-04,微博 weibo.com,28,11,31,最新,
4247323128830171,【多家航空公司明起恢复征收国内航线燃油附加费，10元/位】#便民提示#东航、国航、春秋、吉祥、海航等多家航空公司今天发布通知，6月5日（出票日期/旅行日期）起，国内航线燃油附加费恢复征收，无论是800公里(含)以下航线，还是800公里以上航线，每位旅客均收取10元的燃油附加费。详见↓ ,"https://wx4.sinaimg.cn/large/9764bb42ly1frzjfm1yx3j20fw080t94.jpg,https://wx3.sinaimg.cn/large/9764bb42ly1frzjfm1ygcj20jx0aegm1.jpg,https://wx1.sinaimg.cn/large/9764bb42ly1frzjfm35c6j20jt0713yr.jpg,https://wx2.sinaimg.cn/large/9764bb42ly1frzjfm3xjrj20kp0abmxt.jpg,https://wx3.sinaimg.cn/large/9764bb42ly1frzjfm3mnej20g008cjry.jpg,https://wx1.sinaimg.cn/large/9764bb42ly1frzjfm4f7yj20m80b7q3i.jpg",,,2018-06-04,360安全浏览器,9,15,23,便民提示,
4247322164149845,【快讯！沪13所高校增列21个学士学位授予专业，有你心仪的吗？】#教育新知#@上海教育 今天发布，经学校申报、专家评议和上海市学位委员会审核，批准13所高校等21个专业增列为学士学位授予专业，包括@复旦大学 的生态学、@同济大学 的康复治疗学、@华东师范大学 的公共艺术、@上海外国语大学 的网络与新 ...全文,https://wx2.sinaimg.cn/large/9764bb42ly1frzjba1w00j20hi16y7fq.jpg,,,2018-06-04,360安全浏览器,16,5,9,教育新知,"上海教育,复旦大学,同济大学,华东师范大学,上海外国语大学"
4247301297826133,【每日一书•《世界美术名作二十讲》】#灯下夜读#本书围绕文艺复兴以来西方近二十位艺术大师及其名作展开讨论，着重介绍了自乔托以来，经过“文艺复兴三杰”，直到十八、十九世纪的近二十位画坛巨匠及其名作。讲解其艺术特点、绘画技巧，又辅以大师生平、时代思潮等内容，给人以丰富而优美的精神 ...全文,https://wx1.sinaimg.cn/large/9764bb42ly1frzb8hhc79j20hi0q07ec.jpg,,,2018-06-04,微博 weibo.com,6,0,2,灯下夜读,
4247263549297149,【患了高血压病后，医生为啥会建议检查心脏彩超？】#便民提示#心脏又不难受，就是头痛、头晕，为何要做心脏彩超呢？@健康上海12320 说：检查心脏彩超是为了进一步排查由心脏病变引发的高血压，如主动脉瓣关闭不全、主动脉缩窄，同时结合血管超声排查多发性大动脉炎、肾动脉狭窄等继发因素。若查出这些 ...全文,https://wx3.sinaimg.cn/large/9764bb42ly1frzb7wfn42j20hi1vbqsh.jpg,,,2018-06-04,微博 weibo.com,11,6,19,便民提示,健康上海12320
4247248189770311,【菜场环境如何？称重是否准确？来看这份菜场消费小调查！】#消费警示#网上超市等新零售模式发展迅速，但传统菜场仍是消费者买菜的主要消费场所。网络调查显示，活鱼活虾袋子和水含量的问题、菜场环境、公平秤和小票等问题较受消费者关注。为此，@上海市消保委 对上海中心城区的28家菜场开展消费小调查 ...全文,https://wx3.sinaimg.cn/large/9764bb42gy1frzatrhbmmj20hi3hikjl.jpg,,,2018-06-04,微博 weibo.com,8,3,5,消费警示,上海市消保委
4247235124767805,【明天有分散性短时降雨、最高27度，周六中雨来袭】#天气预报#今天最高温27.5度，体感总体还比较适宜。明天将延续较为阴沉的天气，有分散性短时阵雨，22-27度。周三周四多云为主，周五周六重新转为阴雨，其中周六还有中雨。难道，现在的太阳都是逢工作日休息吗？ ,https://wx3.sinaimg.cn/large/9764bb42gy1frz9bshudwj20ej0l6wme.jpg,,,2018-06-04,微博 weibo.com,16,15,31,天气预报,
4247214475187869,【明天起，遇环境违法行为可微信举报！最高奖励5万元】#上海新闻#@上海环境 说，明起将实施新修订的《上海市环境违法行为举报奖励办法》。新《办法》在原有电话、来信来访渠道上，增设了微信举报方式；同时对举报环境违法行为、提供重要证据或对案件办理有其他重大贡献的，最高可以给予5万元的奖励。详 ...全文,https://wx4.sinaimg.cn/large/9764bb42gy1frz6ia709mj20hi1w61kx.jpg,,,2018-06-04,上海新闻超话,26,26,21,上海新闻,上海环境
4247209442138363,【沪空气重污染应急预案“升级”！启动门槛降低，提前量增加】#最新#《上海市空气重污染专项应急预案（2018版）》正式印发！@上海环境 说，与2016版预案相比，2018版预案增加了预警提前量，降低了预警启动门槛，对部分应急响应措施进行了细化和量化，也在长三角联动方面预留了接口。提醒市民朋友：由于 ...全文,"https://wx3.sinaimg.cn/large/9764bb42gy1frz6246ufog20qm11i42q.gif,https://wx1.sinaimg.cn/large/9764bb42gy1frz6251lnaj21kw3uz1kx.jpg,https://wx2.sinaimg.cn/large/9764bb42gy1frz625tqccj21in6kt1ky.jpg,https://wx3.sinaimg.cn/large/9764bb42gy1frz625ffzuj21kw5v2qv5.jpg,https://wx3.sinaimg.cn/large/9764bb42gy1frz625j6caj21kw5i2kjl.jpg",,,2018-06-04,微博 weibo.com,12,7,17,最新,上海环境
4247195600977657,【简单三步，教您打印职工参保缴费情况】#便民提示#在办理各类事务时，您是否遇到过需要打印职工参保缴费情况的问题呢？@上海12333 说，现在，您无需前往社保办事大厅，通过上海市人力资源和社会保障自助经办系统，即可直接在线查询打印。具体操作方式请看以下步骤↓ ,https://wx4.sinaimg.cn/large/9764bb42gy1fry86xia85j20hi2mzkfj.jpg,,,2018-06-04,微博 weibo.com,21,3,32,便民提示,上海12333
4247188555398319,【动物园里昆虫多，来探索一下看TA们长啥样】#探索上海#@上海动物园 占地74.3万平方米，其中绿化面积48.7万平方米，水系发达。良好的生态环境不仅仅提升了圈养野生动物的福利水平和游客们的参观游览体验，还为许多非圈养（即自由分布于动物园内）的野生动物提供了生存的环境。比如昆虫，经调查已鉴定出 ...全文,"https://wx3.sinaimg.cn/large/9764bb42gy1fry86cz2f1j20j60csaay.jpg,https://wx4.sinaimg.cn/large/9764bb42gy1fry86e2qtgj20j60cs401.jpg,https://wx4.sinaimg.cn/large/9764bb42gy1fry86fa76bj20j60csmyw.jpg,https://wx1.sinaimg.cn/large/9764bb42gy1fry86gv2kaj20j60csdhf.jpg,https://wx4.sinaimg.cn/large/9764bb42gy1fry86i04uvj20j60csmyh.jpg,https://wx1.sinaimg.cn/large/9764bb42gy1fry86izb3gj20j60csgnk.jpg,https://wx2.sinaimg.cn/large/9764bb42gy1fry86ker6qj20j60csad5.jpg,https://wx1.sinaimg.cn/large/9764bb42gy1fry86liw6kj20j60csjsi.jpg,https://wx3.sinaimg.cn/large/9764bb42gy1fry86mrgyej20j60cs75h.jpg",,,2018-06-04,微博 weibo.com,25,57,13,探索上海,上海动物园
4247172449140486,【本周文艺菜单：音乐剧、话剧、舞台剧轮番献演】#一周文艺#六月伊始，沪上演出好戏连台。音乐剧《猫》《周日恋曲》《洗衣服》将会与大家见面；话剧《一个陌生女人的来信》《再见徽因》，舞剧《霸王别姬》等也将隆重开演。点击大图，还有更多精彩演出等着你来探索。美好的一周，让我们从欣赏一场精彩的 ...全文,https://wx2.sinaimg.cn/large/9764bb42gy1fry86398mlj20hi1vkgsr.jpg,,,2018-06-04,微博 weibo.com,11,0,6,一周文艺,
4247165520518669,【2018年上海市高中学校“提前招生录取” 预录取考生名单正在公示】#最新#初三的考生们注意了！@上海国子监 正在官网公示2018年本市70所高中学校“提前招生录取”预录取考生名单。特别提醒：所有被高中学校“提前招生录取”预录取的考生不得要求更改或放弃预录取学校，均须参加2018年上海市初中毕业统 ...全文,https://wx4.sinaimg.cn/large/9764bb42gy1frz1by7j76j20hy0kyjze.jpg,,,2018-06-04,360安全浏览器,34,6,30,最新,上海国子监
4247142249609716,【9张图，让你瞬间变PS高手、职场达人~】 #长知识#你在工作中是否遇到过需要P的图却无从下手？你想成为一名P图达人吗？这份PS常用快捷键大全送给大家~自己学会了就不用求人啦~ ,"https://wx2.sinaimg.cn/large/9764bb42gy1fry85jua7hj20dh0dhtc9.jpg,https://wx3.sinaimg.cn/large/9764bb42gy1fry85koxt2j20dh0dhmzr.jpg,https://wx2.sinaimg.cn/large/9764bb42gy1fry85lu1koj20dh0dhad0.jpg,https://wx2.sinaimg.cn/large/9764bb42gy1fry85n0l0sj20dh0dhdij.jpg,https://wx1.sinaimg.cn/large/9764bb42gy1fry85nzrd4j20dh0dh0vx.jpg,https://wx2.sinaimg.cn/large/9764bb42gy1fry85p12luj20dh0dhwh0.jpg,https://wx2.sinaimg.cn/large/9764bb42gy1fry85q2882j20dh0dhadf.jpg,https://wx4.sinaimg.cn/large/9764bb42gy1fry85r0ddkj20dh0dhtbx.jpg,https://wx3.sinaimg.cn/large/9764bb42gy1fry85ryk37j20dh0dh41p.jpg",,,2018-06-04,微博 weibo.com,57,7,87,长知识,
4247134952337761,【如何做到科学观鸟，这有份权威攻略】#便民提示#观鸟是门学问。@绿色上海 说，首先观鸟设备要齐全，其次还学会巡查鸟儿的“声影”：听叫声、观察风吹草动和守株待鸟是最常见方法。其他小技巧详见下文↓ ,https://wx1.sinaimg.cn/large/9764bb42gy1fry848p8ikj20ie3ishdt.jpg,,,2018-06-04,微博 weibo.com,11,5,9,便民提示,绿色上海
4247125137142562,【羡慕别人的字好看？一份零基础练字全攻略送给你】#长知识#俗话说，见字如面，字如其人，一手漂亮的字能体现一个人的修养与品格。那么，零基础的人如何练出一手好字呢？这一套硬笔书法教程送给大家~转走慢慢练吧~ ,"https://wx2.sinaimg.cn/large/9764bb42gy1fry83l86nnj20dw0n5dl7.jpg,https://wx1.sinaimg.cn/large/9764bb42gy1fry83mcaywj20dw165dp7.jpg,https://wx1.sinaimg.cn/large/9764bb42gy1fry83nfstqj20dw0nt43p.jpg,https://wx2.sinaimg.cn/large/9764bb42gy1fry83ojyvtj20dw0y044g.jpg,https://wx2.sinaimg.cn/large/9764bb42gy1fry83ppdruj20dw0yzdmb.jpg,https://wx3.sinaimg.cn/large/9764bb42gy1fry83qtiioj20dw0xu44f.jpg,https://wx3.sinaimg.cn/large/9764bb42gy1fry83ryzbyj20dw1jsdqk.jpg,https://wx3.sinaimg.cn/large/9764bb42gy1fry83t32sxj20dw1icdqg.jpg,https://wx3.sinaimg.cn/large/9764bb42gy1fry83u8pzyj20dw1prgyl.jpg",,,2018-06-04,微博 weibo.com,71,5,89,长知识,
4247117335644801,【静安交警机动车、驾驶人管理窗口搬迁公告】#上海新闻#驾驶员朋友请注意啦！@静安交警 说，该区机动车、驾驶人业务管理窗口将由天目中路578号搬迁至平型关路1758号（近汶水路）。6月8日、9日机动车、驾驶人业务管理窗口暂停对外接待；6月11日起机动车、驾驶人业务管理窗口在新址平型关路1758号 ...全文,https://wx2.sinaimg.cn/large/9764bb42gy1fry837lnruj20hi0rcteg.jpg,,,2018-06-04,上海新闻超话,12,6,18,上海新闻,静安交警
4247090453842094,"【今早空气质量优，实时指数42】#空气质量#来看下今早空气质量。早7时，全市PM2.5平均浓度为24.8，最高的青浦淀山湖（淀峰渔民村1号）52，最低的虹口凉城（凉城路854号）17。实时空气质量指数42，优。逐小时更新数据请点上海市空气质量实时发布系统  ","https://wx3.sinaimg.cn/large/9764bb42gy1fryspnp7n3j20t80lvjt0.jpg,https://wx2.sinaimg.cn/large/9764bb42gy1fryspnhl3cj20lf0ecq3n.jpg,https://wx2.sinaimg.cn/large/9764bb42gy1fryspni3gcj20iw0faq3x.jpg,https://wx2.sinaimg.cn/large/9764bb42gy1fryspng3npj20g80atjro.jpg",,,2018-06-04,空气质量超话,9,1,9,空气质量,
4247082354904094,【今日申城多云到阴，最高温28度】#早安上海#新一周的工作日，筒子们都准备好了吗？本周初，上海处于云雨区北部边缘，云系较多，有弱降水。今日申城多云到阴，午后到夜里有分散性阵雨，最高温28度，最低20度，明天阴到多云有短时小雨。预计周三多云，周后期以阴到多云为主，有短时阵雨。本周气温 ...全文,https://wx2.sinaimg.cn/large/9764bb42gy1fryqxgfmudj20k00j6q40.jpg,,,2018-06-04,微博 weibo.com,27,9,54,早安上海,
4240449273004050,【影迷福利！上海电影节已公布60余部电影片单，哪些是你的菜？】#便民提示#期盼电影节的小伙伴们看过来！你们想要的片单已经公布不少了哦。小布整理如下：经典单元的《茜茜公主》三部曲；4K修复单元的希区柯克《蝴蝶梦》《迷魂记》等；“向大师致敬”单元英格玛·伯格曼的《野草莓》等、王丹凤主演的《 ...全文,"https://wx1.sinaimg.cn/large/9764bb42gy1frdly7vbx4j20nx8gvhdu.jpg,https://wx2.sinaimg.cn/large/9764bb42gy1frdly9fohtj20niaf24qr.jpg,https://wx3.sinaimg.cn/large/9764bb42gy1frdly9x05mj20o1cb04qs.jpg,https://wx3.sinaimg.cn/large/9764bb42gy1frdly8xewfj20o1azc7wj.jpg,https://wx2.sinaimg.cn/large/9764bb42gy1frdly0v3itj20mj0b43zh.jpg,https://wx1.sinaimg.cn/large/9764bb42gy1frdly3xhz0j20mt988x6q.jpg,https://wx3.sinaimg.cn/large/9764bb42gy1frdly6ge8cj20nx3zokjm.jpg,https://wx2.sinaimg.cn/large/9764bb42gy1frdlxxk8xaj20oc3o4b2a.jpg",,,2018-05-16,微博 weibo.com,72,28,116,便民提示,
4240422718764076,【上港2:1战胜鹿岛鹿角，总比分3:4遭淘汰】#爱体育#首回合客场1:3告负，上港已经没有退路，手握一粒宝贵的客场进球让他们依然存在翻盘希望，本场至少要净胜对手2球才能晋级。遗憾的是，在刚刚结束的比赛中，坐镇主场的@上海上港集团足球俱乐部 没能创造奇迹，虽然凭借浩克的2粒进球在主场2:1战胜 ...全文,"https://wx1.sinaimg.cn/large/9764bb42gy1frdivrjufag20j709we82.gif,https://wx4.sinaimg.cn/large/9764bb42gy1frdivaluahg209l04kk6q.gif,https://wx4.sinaimg.cn/large/9764bb42gy1frdivmdl5lg20jp0a21kx.gif,https://wx2.sinaimg.cn/large/9764bb42gy1frdivkyjl2g209k04gnjp.gif,https://wx2.sinaimg.cn/large/9764bb42gy1frdiw1ezadg20el06se81.gif,https://wx3.sinaimg.cn/large/9764bb42gy1frdiw2zpyig20el06skjl.gif,https://wx2.sinaimg.cn/large/9764bb42gy1frdivvystmg20el06s1kx.gif,https://wx1.sinaimg.cn/large/9764bb42gy1frdivxn7bdg20hw09r4qp.gif",,,2018-05-16,爱体育超话,84,214,96,爱体育,上海上港集团足球俱乐部
4240408378829812,【每日一书•《小而美的家》】#灯下夜读# 你家地方窄小？也想装修、设计得美美的？来看看这本书吧~建筑设计师在书中提出了70个实用的小户型设计技巧，从外观设计、空间规划，到整体节能、家具定制，再到收纳储物、配件选择，教你打造理想中的温馨小家，让小家变得舒适而又不失乐趣。 ,https://wx4.sinaimg.cn/large/9764bb42gy1frcgffyufxj20hi0q0jye.jpg,,,2018-05-16,微博 weibo.com,6,0,3,灯下夜读,
4240398358000898,【工人爬树砍树枝？NO！申城行道树正“剥芽”】#便民提示#市绿化市容局说，为调整树木长势、培养骨架、减少病虫危害、提升整条道路的绿化景观面貌，将开展夏季剥芽作业。修剪工作中要扩大树冠和遮荫面积，为林荫道和绿化特色道路的创建奠定基础。请行人或过往车辆配合现场工作人员做好避让和安全防护哦 ...全文,https://wx2.sinaimg.cn/large/9764bb42gy1frdg4vc6dfj20lr2gpnae.jpg,,,2018-05-16,微博 weibo.com,25,6,7,便民提示,
4240383133229107,【上海这些家庭上榜全国“五好家庭”“最美家庭”！】#最新#“5.15”国际家庭日之际，全国妇联表彰了1000户全国五好家庭，揭晓了2018年度1000户全国“最美家庭”。市妇联说，上海的白礼言家庭、卜芸家庭、蔡慧英家庭、陈川家庭等40户家庭入选“第十一届全国五好家庭”；常江家庭、陈金德家庭、戴建国家 ...全文,"https://wx1.sinaimg.cn/large/9764bb42gy1frdedl7sw9j20hi8pbu0y.jpg,https://wx3.sinaimg.cn/large/9764bb42gy1frdedlgauuj20hi90a1kz.jpg,https://wx3.sinaimg.cn/large/9764bb42gy1frdeddbilyj20hi4fnkjl.jpg",,,2018-05-16,微博 weibo.com,16,2,10,最新,
4240380721378807,【第五批国家级非遗传承人公布，沪26位名家入选！】#最新#文化和旅游部说，经各地申报、专家组初评、社会公示、评审委员会审议等程序，1082人确定为第五批国家级非物质文化遗产代表性项目代表性传承人。其中上海有26人上榜，包括谷好好、钱惠丽、钱程、童双春等，涉及昆曲、越剧、滑稽戏、独脚戏、上海 ...全文,https://wx3.sinaimg.cn/large/9764bb42ly1frddmsw428j20eb0lsjt9.jpg,,,2018-05-16,微博 weibo.com,39,5,22,最新,
4240378183783265,【失眠引起的健忘如何治疗及调理？快看这里～】#便民提示#在生活中，常听失眠病人说自己的记忆力下降了，做事丢三落四，常常忘记物品的存放地方，想不起来与自己很熟的人的名字，看完一本书后觉得脑袋里空空的，没什么印象。@上海市嘉定区中医医院 徐敏医生说：和脑子里有破坏性病变的记忆障碍不同，失 ...全文,https://wx3.sinaimg.cn/large/9764bb42gy1frcgf1p4nnj20hi6t97wi.jpg,,,2018-05-16,微博 weibo.com,20,6,29,便民提示,上海市嘉定区中医医院
4240348819016803,【明天最高温35度，午后局部地区“下开水”】#天气预报# 今天的太阳太毒了就差一把孜然~小布就晒得更有滋味了，今天最高温到达35度，成为今年第一个高温日；明天多云，早晨前后北部地区阴有短时阵雨，午后到夜里阴有阵雨或雷雨，局部地区有大雨。最高温仍在35度；大家再忍一忍马上就要凉快了 ...全文,https://wx4.sinaimg.cn/large/9764bb42gy1frdag2aja1j20ej0l6aid.jpg,,,2018-05-16,360安全浏览器,28,21,46,天气预报,
4240317785567558,【你是否了解静安区最袖珍的公园？听西康公园的故事】#探索上海#在静安有一个袖珍的公园，是闹市中得一块宁静之地，这里有老人们旧时的回忆，也有儿童们现在的欢乐。重新装修后的西康公园将本来已经老旧的地砖、设施重新布局、物尽其用，又通过区域重新分隔，专设了看报下棋、锻炼跳舞、散步遛鸟等活动 ...全文,,http://gslb.miaopai.com/stream/CFjY86GB7DEeUdx8FJTXfa53BARLJd~x~DyhDw__.mp4?yx=&refer=weibo_app&vend=weibo&label=mp4_720p&mpflag=0,,2018-05-16,微博 weibo.com,37,19,32,探索上海,
4240309980510343,【速速转存！银行卡被盗刷怎么办？300秒急救法！】#长知识#卡在手，钱不见了！银行卡被盗刷怎么办？别慌！卡被盗刷后的300秒，是止损冻结的“黄金时间”，抓紧做好这些事情就能挽救你的钱包↓↓希望用不到，必须得知道！转发提醒！via@人民日报 人民日报的秒拍视频 ,,"http://gslb.miaopai.com/stream/z7dx13zgR--q1IgyYxR8eByd1oz1qlaTP4BJPA__.mp4?yx=&refer=weibo_app&vend=weibo&label=mp4_hd&mpflag=0&Expires=1566189844&ssig=pUXvxLzgxI&KID=unistore,video",,2018-05-16,微博 weibo.com,44,12,69,长知识,人民日报
4240302682201732,【水果这样洗，清洁卫生又保鲜】#探索上海#@上海三农 说，最近很多新鲜水果纷纷上市，如何更放心地食用？专家表示，除非有虫害，很多水果在生长后期一般不打农药，只要是在正规渠道购买的水果不必过分担心农残问题哦~那么草莓、杨梅等水果怎么清洗？来看下文哦~ ,https://wx2.sinaimg.cn/large/9764bb42gy1frcge044ntj20hi10k7eh.jpg,,,2018-05-16,微博 weibo.com,14,4,34,探索上海,上海三农
4240287582797963,【6月30至7月1日欣赏歌剧《江姐》】#午间时光#歌剧《江姐》由小说中有关江姐的故事改编而成，以四川民歌为蓝本，并吸取了川剧、婺剧、越剧、杭滩、洋琴、四川清音、京剧等音乐素材，既有强烈的戏剧性和鲜明的民族风格，又有优美流畅的歌唱性段落，深刻刻画了英雄人物的音乐形象。到时来@上海美琪大戏院 ...全文,https://wx2.sinaimg.cn/large/9764bb42gy1frcgdo7d7hj20hi1zc7cz.jpg,,,2018-05-16,微博 weibo.com,18,4,6,午间时光,上海美琪大戏院
4240268607523487,【上海这么多社区、镇、家庭获精神文明表彰！有你认识的吗？】#最新#今天上午举行的2018年上海市精神文明建设工作会议表彰了2015-2017年度上海市文明城区、2016-2017年度上海市文明社区、文明镇、文明家庭、2017年度上海市社会主义精神文明好人好事及提名。同时，2016及2017年上海荣获全国学雷锋志愿服 ...全文,https://wx2.sinaimg.cn/large/9764bb42gy1frd1866w52j20jh9o57wh.jpg,,,2018-05-16,微博 weibo.com,19,9,23,最新,
4240260520546656,【今年第二个高温黄色预警发布！有望挑战5月最高温纪录】#天气预警#上海中心气象台2018年05月16日11时04分发布高温黄色预警：受暖气团影响，预计今天中心城区、嘉定、宝山、青浦、松江、闵行、崇明等地的最高气温将超过35℃，请做好防暑降温工作。 ,"https://wx4.sinaimg.cn/large/9764bb42gy1frd0ajr498j20br0bcwhe.jpg,https://wx4.sinaimg.cn/large/9764bb42gy1frd0aofmhyj20m80go0vj.jpg,https://wx2.sinaimg.cn/large/9764bb42gy1frd0arimbzg20cj0dwwey.gif",,,2018-05-16,微博 weibo.com,46,38,63,天气预警,
4240257384194259,【沪今年第一季度药品不良反应监测情况：胃肠损害事件相对较多】#上海新闻#@上海食药监 说，2018年1季度，本市通过“国家药品不良反应监测系统”在线报告《药品不良反应/事件报告表》7220份，较2017年同期下降9.80%。1季度本市报告的药品不良反应/事件中，排名前五位的是：胃肠损害、皮肤及其附件损害 ...全文,https://wx4.sinaimg.cn/large/9764bb42gy1frcgdaro3jj20hi1vgau8.jpg,,,2018-05-16,上海新闻超话,7,1,8,上海新闻,上海食药监
4240249582125037,【三请、四牌……这些好白相的公交俗语有噶西多花头精】#长知识#公交俗语是公交人在长期的工作中，依据工作的特性所创造，并口口相传，广泛流行的专用语句。它们反映了公交行业的时代特性，以及公交人的经验和愿望，语言简练、形象，生活气息浓厚。@上海交通 整理了一些有趣的公交俗语，分享给大家。快 ...全文,https://wx1.sinaimg.cn/large/9764bb42gy1frcgcpszg8j20hi5s1qv5.jpg,,,2018-05-16,微博 weibo.com,14,1,8,长知识,上海交通
4240234734940001,【电动跑步机产品质量抽检：这8批次不合格！】#质量安全#你家的电动跑步机质量如何？@上海质监发布 近期对本市生产和销售的30批次电动跑步机进行监督抽查发现：上海圆迈贸易有限公司的易跑电动跑步机、国美在线电子商务有限公司的IUBU电动跑步机、上海京东才奥电子商务有限公司的英瑞得电动跑步机等8批 ...全文,https://wx1.sinaimg.cn/large/9764bb42gy1frcgbvg87qj20hi1duwsd.jpg,,,2018-05-16,微博 weibo.com,7,5,8,质量安全,上海质监发布
4240204619803201,"【今早空气质量良，实时指数52】#空气质量#来关注下今早空气质量。早7时，全市PM2.5平均浓度为35.9，最高的青浦淀山湖（淀峰渔民村1号）66，最低的浦东川沙（川环南路319号）、浦东监测站（灵山路51号）32，实时空气质量52，良。逐小时更新数据请点上海市空气质量实时发布系统  ","https://wx4.sinaimg.cn/large/9764bb42gy1frctvslcccj20sr0lfh25.jpg,https://wx3.sinaimg.cn/large/9764bb42gy1frctvryzi4j20hl0axwew.jpg,https://wx3.sinaimg.cn/large/9764bb42gy1frctvrz3umj20qr0b3wf5.jpg,https://wx4.sinaimg.cn/large/9764bb42gy1frctvrzhg3j20g80atjrp.jpg",,,2018-05-16,搜狗高速浏览器,4,1,16,空气质量,
4240201192302866,【早高峰路况：南北西侧等路段较拥堵】#交通资讯#@乐行上海 说，7:15快速路较拥挤的路段有：南北西侧呼玛路至中兴路；延安南侧虹桥枢纽至延西立交，北侧虹许路至虹桥枢纽；沪闵东侧莘庄至莲花路、桂林路至漕宝路；逸仙西侧长逸路至逸仙立交；内环外侧大柏树至广中路；中环外侧共和立交至沪太路，内侧共 ...全文,https://wx1.sinaimg.cn/large/9764bb42gy1frcthn2t98j20j60fgtfi.jpg,,,2018-05-16,搜狗高速浏览器,10,1,6,交通资讯,乐行上海
4240196302006138,【今日最高36度，午后局部有阵雨或雷雨！】#早安上海#夜里越来越闷热了，你家的空调开起来了没？今天多云到晴，午后阴有分散性阵雨或雷雨，最高温度36度，最低温度25度。明起四天将以多云到阴天气为主，均有阵雨光顾，气温逐日回落。周四最高34度，周五最高31度，周六周日降至25度。雨具可 ...全文,https://wx4.sinaimg.cn/large/9764bb42gy1frcsuji15oj20hd0gsgt1.jpg,,,2018-05-16,搜狗高速浏览器,32,25,84,早安上海,
4236434107489304,【共青团上海市第十五次代表大会闭幕！新一届团市委班子亮相】#最新#共青团上海市第十五次代表大会今日闭幕。全体代表选举产生了共青团上海市第十五届委员会。全会选举王宇为共青团上海市委书记，刘伟、丁波、邬斌为团市委副书记，戴冰为团市委挂职副书记，史逸婵、吴敏霞、邓海啸为团市委兼职副书记。 ...全文,https://wx1.sinaimg.cn/large/9764bb42gy1fr0suhehe3j20q57vtb2b.jpg,,,2018-05-05,搜狗高速浏览器,35,34,99,最新,
4236430181406443,【快讯！上港1:2北京国安，申花2:4广州富力】#爱体育#本周末的中超比赛，上海两支球队同时出战。在刚刚结束的比赛中，@上海上港集团足球俱乐部 没能延续本赛季主场作战的强势状态，虽然凭借埃尔克森的出色发挥打进一球，最终仍以1:2不敌对手，吞下本赛季各项赛事中主场比赛的首场失利！下周中，上港将 ...全文,"https://wx2.sinaimg.cn/large/9764bb42gy1fr0s7qpasoj20jd0ewwq5.jpg,https://wx2.sinaimg.cn/large/9764bb42gy1fr0s9ngheqj20wk0p87s6.jpg,https://wx4.sinaimg.cn/large/9764bb42gy1fr0sar2kswg20hj080qv5.gif,https://wx2.sinaimg.cn/large/9764bb42gy1fr0sa6lg52g20ev07shdt.gif,https://wx3.sinaimg.cn/large/9764bb42gy1fr0saaan4eg20ev07shdt.gif,https://wx4.sinaimg.cn/large/9764bb42gy1fr0safcsfxg20ev07sqv5.gif",,,2018-05-05,爱体育超话,19,74,13,爱体育,上海上港集团足球俱乐部
4236422112581484,【每日一书·《大自然会说话》】#灯下夜读#“大自然是一个丰富多彩的世界，大自然是一个生动有趣的课堂”，每一个热爱自然的孩子都将从大自然中受益无穷。这套书共3册，分为《听，蜜蜂在说话！》《听，大树在说话！》《听，大海在说话！》。这套绘本图画文字结合，将知识性、艺术性、人文性融于一 ...全文,https://wx4.sinaimg.cn/large/9764bb42gy1fr05khi0ntj20hi0q0k0q.jpg,,,2018-05-05,微博 weibo.com,4,0,3,灯下夜读,
4236399966204587,【快讯！7月5日起，沪宁部分高铁票价最大折扣幅度可达6.5折！】#交通资讯#经常往来上海和南京的小伙伴们注意啦！@中国铁路 说，从今年7月5日起，对早期开通的上海⇆南京等6条线路上运行的时速200至250公里高铁动车组票价进行优化调整：根据客流情况，分季节、分时段、分席别、分区段在限价内实行票价下 ...全文,https://wx4.sinaimg.cn/large/9764bb42gy1fr0oxcgbn2j20hs14mam0.jpg,,,2018-05-05,搜狗高速浏览器,24,10,27,交通资讯,中国铁路
4236391912837733,【孩子感染幽门螺杆菌要不要治？来了解一下→】#便民提示#儿童体检要不要检测幽门螺杆菌？儿童感染幽门螺杆菌（Hp）之后哪些情况必须治疗……@上海交通大学医学院附属瑞金医院 儿内科肖园医生说，目前没有必要在无症状儿童当中进行Hp感染的检查，只有当儿童出现反复上腹痛、嗳气、反酸、呕吐等相关消化 ...全文,https://wx2.sinaimg.cn/large/9764bb42gy1fr05jx575tj20hi7f7e82.jpg,,,2018-05-05,微博 weibo.com,30,6,41,便民提示,上海交通大学医学院附属瑞金医院
4236361047503483,【明天午后到夜里有暴雨，下周一雨水渐止】#天气预报#好雨知时节，当春乃发生。明天阴到多云有阵雨，午后到夜里阴有阵雨或雷雨，局部地区雨量可达大雨到暴雨程度，并伴有雷电和7~8级雷雨大风。小伙伴们外出一定要备好雨具，注意交通安全哦~明天气温上升明显，最高气温可达28度，体感潮湿闷 ...全文,https://wx2.sinaimg.cn/large/9764bb42gy1fr0kf4qjovj20ej0l6ajp.jpg,,,2018-05-05,搜狗高速浏览器,16,8,23,天气预报,
4236346614518080,【那么多上海话多音字你都能读对吗？快来试试吧】#上海闲话#你有没有发现，有些字在上海话中有不同的发音，比如大肚子、大饼，十二月、二氧化碳，耳朵、木耳……其中有不少属于文读音，戳长微博，试试看你都能读对吗？你还知道哪些上海话多音字？赶紧在评论中告诉小布吧！ ,https://wx2.sinaimg.cn/large/9764bb42gy1fr05h56kloj20hi4u6kjl.jpg,,,2018-05-05,微博 weibo.com,63,49,106,上海闲话,
4236316415182374,【百年湖心亭的变迁，那杯不变的清茶你喝过吗？】#上海记忆#湖心亭位于城隍庙九曲桥的荷花池中央，古朴典雅，富有民族特色和江南水乡风采。晚清文人葛元煦在《沪游杂记》记述，“城中庙园茶肆十居其五，惟湖心亭最佳。高阁迎风，疏窗映水，尘俗中未尝无清凉境界也。”湖心亭是上海老城厢的标志性建筑， ...全文,https://wx3.sinaimg.cn/large/9764bb42gy1fr05az47kgj20iv34yx6p.jpg,,,2018-05-05,微博 weibo.com,20,2,17,上海记忆,
4236301316184601,【6月21-24日欣赏舞蹈《朱鹮》】#午间时光#《朱鹮》是一部纯美的舞剧，关注环境保护、关注人与自然的和谐相处，“为了曾经的失去，呼唤永久的珍惜”，追求真善美的永恒价值，正视人类在发展过程中曾经遭遇的问题，呼唤绿色的可持续发展理念，带给观众情感共鸣和思想启迪。 ,https://wx3.sinaimg.cn/large/9764bb42gy1fr05abprlzj20hi1ozwmv.jpg,,,2018-05-05,微博 weibo.com,20,6,9,午间时光,
4236271112659570,【超实用！手机丢了怎么办？】#长知识#如今，我们的生活已离不开手机，多数人都绑定了微信、支付宝、银行卡，万一丢了怎么办？以下几个步骤千万记牢：①挂失、冻结SIM卡；②冻结手机网银；③绑定支付宝的拨95188挂失；④冻结微信账号，修改密码。详见↓↓↓转扩周知！via@人民日报 ,"https://wx3.sinaimg.cn/large/9764bb42gy1fr059mbjdzj20dw0gu0uw.jpg,https://wx2.sinaimg.cn/large/9764bb42gy1fr059ob0ecj20dw0go77k.jpg,https://wx2.sinaimg.cn/large/9764bb42gy1fr059piqi7j20dw0ocmzz.jpg,https://wx1.sinaimg.cn/large/9764bb42gy1fr059rcnnmj20dw0x5tch.jpg,https://wx4.sinaimg.cn/large/9764bb42gy1fr059so25ej20dw0rbmzt.jpg,https://wx2.sinaimg.cn/large/9764bb42gy1fr059v0f1rj20dw0ut0xu.jpg,https://wx2.sinaimg.cn/large/9764bb42gy1fr059w378tj20dw0p0gom.jpg,https://wx3.sinaimg.cn/large/9764bb42gy1fr059xcvoaj20dw0n6dik.jpg,https://wx2.sinaimg.cn/large/9764bb42gy1fr059yqinmj20dw0fcjt4.jpg",,,2018-05-05,微博 weibo.com,97,12,184,长知识,人民日报
4236256018096507,【停车请留足时间！虹桥T2停车库近期路面改造】#便民提示#@航旅直通车-上海机场 说，为迎接首届中国国际进口博览会，虹桥机场即日起对2号航站楼P6、P7停车库进出口路面进行翻新改造，施工期约1个半月。施工期间将对车辆进出车库产生较大影响，请准备停车的朋友留足时间较以往提前抵达。大家也可选择公 ...全文,https://wx3.sinaimg.cn/large/9764bb42gy1fr0599mixjj20j60csaez.jpg,,,2018-05-05,微博 weibo.com,26,9,8,便民提示,航旅直通车-上海机场
4236240918020844,【职工医保的“三项标准”是怎么规定的？】#便民提示#@上海12333 说，你知道职工基本医疗保险的“三项标准”是哪些吗？2018年度职工医保的“三项标准”是否有所变化？下面这张图带你读懂↓ ,https://wx3.sinaimg.cn/large/9764bb42gy1fr058r3iewj20go1nj13d.jpg,,,2018-05-05,微博 weibo.com,15,3,17,便民提示,上海12333
4236228422909912,【立夏】#节气#今日立夏，标志着盛夏时节的开始。立夏时节，天气渐热，雷雨增多，动植物都开始迅速生长，江南地区进入雨季，多阴雨连绵天气。立夏时节芍药花开，因TA在五月开放，故被人称为“五月花神”，还有“花仙”等美称。它和牡丹长得很像，常被人弄混，其实二者有很大区别，芍药是草本花卉，而牡 ...全文,https://wx2.sinaimg.cn/large/9764bb42gy1fr057wvk1rj20mk0mkqka.jpg,,,2018-05-05,搜狗高速浏览器,52,6,53,节气,
4236221619710664,"【今早空气质量良，实时指数54】#空气质量#看下今早空气质量。早7时，全市PM2.5平均浓度为27.7，最高的虹口凉城（凉城路854号）42，最低的浦东张江（祖冲之路295号）6。实时空气质量指数54，良。逐小时更新数据请点上海市空气质量实时发布系统  ","https://wx1.sinaimg.cn/large/9764bb42gy1fr04fvuioyj20sx0loh1s.jpg,https://wx3.sinaimg.cn/large/9764bb42gy1fr04ftcp56j20m40dcq3p.jpg,https://wx1.sinaimg.cn/large/9764bb42gy1fr04fxoljgj20xr0f4wfi.jpg,https://wx3.sinaimg.cn/large/9764bb42gy1fr04fzed28j20g80atwex.jpg",,,2018-05-05,搜狗高速浏览器,8,1,9,空气质量,
4236212308493238,【双休日有雷阵雨，下周一雨水渐止】#早安上海#魔都何时才打破每逢周末必“哗啦啦~天在下雨”的魔咒呀？今天阴有短时阵雨，下午起阴有阵雨或雷雨，局部地区雨量可达中到大雨，19-23度。明天阴到多云有阵雨或雷雨，主要降水时段出现在明天午后到夜里，并伴有短时强降水、雷电和7-8级雷雨大风 ...全文,https://wx3.sinaimg.cn/large/9764bb42gy1fr03cs0cmfj20ic0ho102.jpg,,,2018-05-05,搜狗高速浏览器,24,14,32,早安上海,
4233925708669629,【引领“上海制造”再出发，怎么擦亮新时代“上海制造”名片？一图读懂】#上海新闻#@经济和信息化在线-上海 说，按照市委、市政府关于全力打响“四大品牌”、构筑上海发展战略优势的总体部署，市经信委牵头制订《全力打响“上海制造”品牌 加快迈向全球卓越制造基地三年行动计划（2018-2020年）》，引 ...全文,https://wx4.sinaimg.cn/large/9764bb42gy1fqssqiwl4uj20fa563qv5.jpg,,,2018-04-28,上海新闻超话,10,16,13,上海新闻,经济和信息化在线-上海
4233925264116365,【最新！本市公布关于促进和加强本市3岁以下幼儿托育服务工作的指导意见】#教育新知#各位粑粑麻麻们看过来！大家都知道3岁以下幼儿以家庭养育为主，那么如何帮助年轻的家长、甚至爷爷奶奶外公外婆们科学育儿？如何为有需要的家庭提供3岁以下，尤其是2-3岁幼儿的照护服务？本市刚刚公布《关于促进和加强 ...全文,https://wx3.sinaimg.cn/large/9764bb42gy1fqssnu8s8dj20jn6i7hdu.jpg,,,2018-04-28,专业版微博,14,6,47,教育新知,
4233924647553614,【@东方有线高清设备用户请注意，这些高清频道可以免费看啦！】#便民提示#@OCN东方有线 说，全市已经安装有线高清机顶盒达360多万端。为提升用户体验，从即日起，针对这些已经安装高清机顶盒，并正常缴纳有线数字电视收视维护费的用户，将免费赠送本地、央视、卫视的高清基础频道收视，是不是很给力？ ...全文,https://wx4.sinaimg.cn/large/9764bb42gy1fqsslegr63j20ry1sk4qq.jpg,,,2018-04-28,专业版微博,27,67,46,便民提示,"东方有线高清设备用户请注意,OCN东方有线"
4233924051212360,【G15沈海高速（G1501嘉浏立交至S32申嘉湖立交段）5月2日至9月底道路大修！】#便民提示#@乐行上海 说，G15沈海高速（G1501嘉浏立交至S32申嘉湖立交段）将于5月2日起实施大修，计划9月底完成主线施工。大修期间，施工路段由原双向六车道通行方式改为双向四车道通行，限速60公里/小时。建议途经车辆尽量 ...全文,https://wx4.sinaimg.cn/large/9764bb42gy1fqssifoze2j20se2jxqv6.jpg,,,2018-04-28,专业版微博,12,12,16,便民提示,乐行上海
4233923247172627,【2018年，滨江沿岸有这些赛事和活动！】#上海新闻#965365上海体育发布 说，2018年作为黄浦江两岸全面贯通开放后的第一年，全年将有300余场赛事和活动登陆滨江沿岸，市民将获得更多运动休闲的方式。全年每个月都有特定的运动主题及推荐项目，比如在城市定向赛集中的5月“寻梦滨江”、在亲子趣味活动集中的6月“亲子乐游”、在党建系列活动集中的7月感受“红色之旅”、在全民健身日所在的8月乐享“科学健身”、在“上马”所在的11月“酷跑滨江”等。重点赛事活动详见↓,https://wx1.sinaimg.cn/large/9764bb42gy1fqssg73imlj20qucmp7ws.jpg,,,2018-04-28,上海新闻超话,4,7,7,上海新闻,
4233922395662131,【上海公积金推出19项利企便民措施，肯定和你有关系】#便民提示#为落实“放管服”改革要求，改善营商环境，@上海公积金 首批推出19项简化优化业务办理的具体措施，以进一步提高单位和个人的办事便利度和效率。其中部分措施已经开始实施，6月1日起所有措施都将落地！ ,https://wx2.sinaimg.cn/large/9764bb42gy1fqssd31zdrj20sl2iidyp.jpg,,,2018-04-28,专业版微博,20,11,7,便民提示,上海公积金
4233921401562081,【申城活禽交易5月1日起恢复，117个定点交易点一览】#便民提示#再过2天，本市活禽交易将结束休市，恢复定点交易。那市民们到哪里购买放心的鸡鸭鹅肉呢？@上海商务 说，恢复活禽定点交易后，市民可前往本市117个定点活禽交易点购买。详见下文，看看离你家最近的网点在哪？ ,https://wx3.sinaimg.cn/large/9764bb42gy1fqss9jqmyuj20ql4mxb2c.jpg,,,2018-04-28,专业版微博,10,17,11,便民提示,上海商务
4233851393545137,【权威发布！促进和加强3岁以下托育服务，沪指导意见出台！】#最新#各位粑粑麻麻们看过来！大家都知道3岁以下幼儿以家庭养育为主，那么如何帮助年轻的家长、甚至爷爷奶奶外公外婆们科学育儿？如何为有需要的家庭提供3岁以下，尤其是2-3岁幼儿的照护服务？本市刚刚公布《关于促进和加强本市3岁以下幼儿 ...全文,https://wx4.sinaimg.cn/large/9764bb42gy1fqsk6v93fuj20jn6i7npe.jpg,,,2018-04-28,360安全浏览器,23,4,27,最新,
4233827516302790,【上博正在大修，这两个展馆近期临时闭馆维护！】#便民提示#上海博物馆正在进行大规模维修工作。馆方提醒：上博大修工程（一期）期间，除了每周一闭馆以外，即日起至6月，部分展厅将临时闭馆进行设备维护，“五一”前后，中国古代雕塑馆和中国古代陶瓷馆将临时闭馆。临时闭馆维护时间安排和近期展览详 ...全文,https://wx4.sinaimg.cn/large/9764bb42gy1fqsh6ffebjj20hi3ntkjl.jpg,,,2018-04-28,微博 weibo.com,12,2,5,便民提示,
4233827280730318,【明日有“雷电+强降水”套餐，30号最高温可达29度】#天气预报#今天依然好热，真的好像夏天啊，最高温到达27.9度。明天多云到阴转阴有时有阵雨，最高温在26度；预计明天小长假第一天和5月1日将伴有雷电和短时强降水。节日期间气温起伏较大，极端最高气温可达28-29度。最近的天气真像熊孩子的 ...全文,https://wx4.sinaimg.cn/large/9764bb42gy1fqshg59a1gj20ej0l6gtf.jpg,,,2018-04-28,360安全浏览器,20,12,36,天气预报,
4233818707470920,【上海又添100家智慧微菜场！有你家附近的吗？】#便民提示#市商务委说，2018年首批新建的100家社区智慧微菜场已完成，截至目前，全市共计建成1642家。社区智慧微菜场是对标准化菜场建设的有力补充，直接销售本市外延蔬菜基地农产品，更惠民也更安全。如果有你家附近的，快去尝个“鲜”吧！ ,https://wx1.sinaimg.cn/large/9764bb42gy1fqsg27sktmj20hi6yqb2a.jpg,,,2018-04-28,微博 weibo.com,9,7,8,便民提示,
4233814257061550,【沪昨晚查获非法网约车40辆、克隆出租汽车10辆！】#交通资讯#查处非法网约车又有新举措！昨晚，市交通委执法总队、市公安交警总队联合开展“网约车非法客运”专项整治行动，在静安区延安西路、普陀区中山北路、虹口区中山北一路等21个整治卡口累计查获非法网约车40辆，涉及“美团”“滴滴”“神州”等 ...全文,https://wx2.sinaimg.cn/large/9764bb42gy1fqsfycntnmj20hi2n8e81.jpg,,,2018-04-28,360安全浏览器,30,67,35,交通资讯,
4233786998324614,【教娃功课被气出病？送你一份辅导作业不生气指南】#长知识#对于作业，“虎爸虎妈”们是闻者伤心、听者流泪。为什么孩子写作业总是磨磨蹭蹭？怎样才能让孩子静下心来写作业？12招教你帮助孩子高效完成作业，戳图↓↓转给新手爸妈！ ,"https://wx2.sinaimg.cn/large/9764bb42gy1fqrjyz5hvcj20dw0i5dik.jpg,https://wx2.sinaimg.cn/large/9764bb42gy1fqrjz8kjddj20dw0fzq59.jpg,https://wx2.sinaimg.cn/large/9764bb42gy1fqrjz9pkooj20dw0kr0v9.jpg,https://wx3.sinaimg.cn/large/9764bb42gy1fqrjzaqvh3j20dw0iimzg.jpg,https://wx4.sinaimg.cn/large/9764bb42gy1fqrjzbuon1j20dw0dwad5.jpg,https://wx2.sinaimg.cn/large/9764bb42gy1fqrjzctqw2j20dw0glq5d.jpg,https://wx2.sinaimg.cn/large/9764bb42gy1fqrjze1k9dj20dw0glgo5.jpg,https://wx1.sinaimg.cn/large/9764bb42gy1fqrjzf6lx7j20dw0gf76v.jpg,https://wx3.sinaimg.cn/large/9764bb42gy1fqrjzgb42kj20dw0gngo8.jpg",,,2018-04-28,微博 weibo.com,41,7,61,长知识,
4233779951984559,【提分利器！800个四六级高频词汇清单 】#长知识#四六级考试即将到来，你准备得怎么样了？送你一份实用四六级高频词汇清单，利用零碎时间多读读背背，你的四六级成绩一定会有提升！与其考前追悔莫及，不如趁现在就开始积累！800个备战四六级高频词汇↓↓转给正在备考的TA！记得一定要好好背哦！ ,"https://wx3.sinaimg.cn/large/9764bb42gy1fqrjatbk8aj20dw2aanmd.jpg,https://wx2.sinaimg.cn/large/9764bb42gy1fqrjauo6cuj20dw2ayty5.jpg,https://wx1.sinaimg.cn/large/9764bb42gy1fqrjfko8bdj20dw2kl1kx.jpg,https://wx3.sinaimg.cn/large/9764bb42gy1fqrjxeym2pj20dw2aynmp.jpg,https://wx4.sinaimg.cn/large/9764bb42gy1fqrjxgi684j20dw2byqsz.jpg,https://wx3.sinaimg.cn/large/9764bb42gy1fqrjxi8hi1j20dw2ba7un.jpg,https://wx4.sinaimg.cn/large/9764bb42gy1fqrjxlrcduj20dw2daqti.jpg,https://wx1.sinaimg.cn/large/9764bb42gy1fqrjxlmgn6j20dw2amhbk.jpg,https://wx1.sinaimg.cn/large/9764bb42gy1fqrjxlzo0pj20dw25aqqr.jpg",,,2018-04-28,微博 weibo.com,67,7,73,长知识,
4233755793267660,【6月7日-8日欣赏话剧《一句顶一万句》】#午间时光#河南延津人曹青娥，七十八岁时病危。弥留之际，她想起了自己的故事。为了一句说得着的话，一个说得着的人，寻遍中原大地，寻过七十载时光……本剧根据刘震云《一句顶一万句》改编，以曹青娥多舛的命途为主线，讲述了三代人自我救赎的历程。 ,https://wx3.sinaimg.cn/large/9764bb42gy1fqrjaksotjj20hi1u8qbv.jpg,,,2018-04-28,微博 weibo.com,10,5,2,午间时光,
4233747748987918,【浦东37块黄浦江旅游道路交通指引标志全线亮相！】#上海新闻#你发现身边多了这些“小标志”吗？浦东新区旅游局说， 近日，浦东新区滨江公共开放空间22公里、8个旅游功能节点的37块/套道路交通指引标志全线亮相→其中包括29块/套标志和8块停车辅助标志。快来看看TA长什么样，找一找你身边有几个吧↓ ,https://wx3.sinaimg.cn/large/9764bb42gy1fqs7v93ntqj20hi5orhdu.jpg,,,2018-04-28,上海新闻超话,14,5,11,上海新闻,
4233743529085450,【3月份，上海这些出租车企业被投诉较多！】#市场监管#@上海交通 说，3月份出租汽车行业信访、热线投诉共5654件。月出租汽车企业每万车次投诉为1.06件。全市共有21家出租汽车企业万车次投诉超过2件。五大出租车骨干企业中上海银建的万车次投诉件最多。详见↓  ,https://wx3.sinaimg.cn/large/9764bb42gy1fqs7u58sg9j20hi1qzang.jpg,,,2018-04-28,微博 weibo.com,3,22,7,市场监管,上海交通
4233741427786666,【刚刚！浦东足球场开建，预计2021年竣工！】#最新#上海在建设全球著名体育城市的进程中又迈出新步伐。今天上午，上海浦东足球场项目开工仪式在张家浜楔形绿地举行。作为国内首座为中超俱乐部量身打造的现代化专业足球场，浦东足球场的建设将有力促进上海足球事业发展，提升体育产业能级，增强城市综合 ...全文,https://wx1.sinaimg.cn/large/9764bb42gy1fqs7lcfzjkj20hi4jh4qq.jpg,,,2018-04-28,微博 weibo.com,93,215,53,最新,
4233725589544322,【中超第8轮：上港客战长春亚泰，申花迎战大连一方】#爱体育#周中刚刚踢完足协杯的比赛，没有多少时间休整，上海两队就将于周日迎来中超比赛。@上海上港集团足球俱乐部 明天下午客场挑战长春亚泰，希望能拿下3分，巩固榜首优势！@绿地申花官方微博 则将于同日晚上坐镇虹口足球场迎战大连一方，希望申花 ...全文,https://wx3.sinaimg.cn/large/9764bb42gy1fqrjabfkvxj20i210c16d.jpg,,,2018-04-28,爱体育超话,15,21,4,爱体育,"上海上港集团足球俱乐部,绿地申花官方微博"
4233718799016249,【今起，公交772路实施优化调整】#便民提示#家住浦东的小伙伴注意啦！浦东公交说，今天起，772路实施优化调整，调整后首末班车时间为：芦恒路枢纽站：6：00-21：20，汇雄路鲁南路：5：50-21：00；运能安排：配车10辆，间隔15-25分钟。线路调整后走向及沿途设站详见附图↓ ,"https://wx3.sinaimg.cn/large/9764bb42gy1fqrj9zjcb2j20hs0ow419.jpg,https://wx1.sinaimg.cn/large/9764bb42gy1fqrja0fxoyj20ih0m8tau.jpg",,,2018-04-28,微博 weibo.com,13,5,7,便民提示,
4233713263355352,【因大修需要，上海博物馆部分展馆闭馆】#便民提示#@文化上海 说，因上海博物馆大修工程（一期）施工需要，2018年4月底至6月，部分展厅将临时闭馆、进行设备维护。中国古代雕塑馆今起临时闭馆，预计于5月10日起恢复正常开放；中国古代陶瓷馆5月2日起临时闭馆，预计于5月13日起恢复正常开放。上海博物馆 ...全文,https://wx3.sinaimg.cn/large/9764bb42gy1fqrj9p6yosj20go0b4gns.jpg,,,2018-04-28,微博 weibo.com,37,25,32,便民提示,文化上海
4233684737982729,【今早空气质量轻度污染，实时指数129】#空气质量#来看下今早空气质量。早7时，全市PM2.5平均浓度为98，最高的青浦淀山湖（淀峰渔民村1号）134，最低的卢湾师专附小（局门路478号）83。实时空气质量指数129，轻度污染。逐小时更新数据请点网页链接 ,"https://wx4.sinaimg.cn/large/9764bb42ly1fqs12sky6zj20l60fp7gp.jpg,https://wx1.sinaimg.cn/large/9764bb42ly1fqs12vm58yj20jn0ciaaf.jpg,https://wx1.sinaimg.cn/large/9764bb42ly1fqs12y76o7j20ud0di3zc.jpg,https://wx4.sinaimg.cn/large/9764bb42ly1fqs13166gtj20g80atdg2.jpg",,,2018-04-28,微博 weibo.com,12,5,12,空气质量,
4233679788825114,【早高峰路况：南北西侧等路段较拥堵】#交通快讯#@乐行上海 说7：15目前快速路较拥挤路段有：南北西侧呼玛路至延东立交；延安南侧虹桥枢纽至延西立交；内环外侧大柏树至广中路、龙华西路至宛平南路；沪闵东侧莘庄至莲花路、桂林路至漕宝路；逸仙西侧殷高路至逸仙立交；中环内侧逸仙立交至国定路等。请 ...全文,https://wx2.sinaimg.cn/large/9764bb42ly1fqs0ikt1kej20j60fftat.jpg,,,2018-04-28,微博 weibo.com,5,3,8,交通快讯,乐行上海
4233672388839535,【今日申城15-26度，“叮铃铃！！！”起床上班啦！】#早安上海#今天是本周“真的”最后一天工作日哦~起床啦！今天上海晴转多云，早晨前后局部地区有雾，中午以前有轻度霾，最高温度26度，最低温度15度，筒子们要注意早晚温差哦。预计“五一”期间，受高空槽影响，本市有两次降水 ...全文,https://wx3.sinaimg.cn/large/9764bb42ly1fqrzl50ji5j20i40hiwnr.jpg,,,2018-04-28,微博 weibo.com,33,9,38,早安上海,
id,正文,原始图片url,视频url,位置,日期,工具,点赞数,评论数,转发数,话题,@用户
4207838642838208,【兔小布携汪汪给您拜年啦！祝大家狗年旺旺旺】#2017迎新#大街小巷，到处弥漫着春节的气息；欢歌笑语唱响了天地间；微博里的迎春画面，不断滚动送出……兔小布对你的深深祝福，也洒落在其中，你觉察到了吗？新的一年，让兔小布与你一起携手迎接新年的曙光，寄托重新开启的希望吧。 ,https://wx3.sinaimg.cn/large/9764bb42ly1fogrz812ykj20om10xnnk.jpg,,,2018-02-15,微博 weibo.com,79,15,16,2017迎新,
4207783219803428,【一天吃掉11吨？谁家的年夜饭这么豪华？】#探索上海#大年三十，熊猫宝宝的年夜饭只是竹子吗？谁的年夜饭最西式？谁又爱吃水果年夜饭？除夕当天，上海动物园的动物们享受了饕餮大餐，上海野生动物园的动物们更是吃掉了11吨的食物。当然，饲养员们会采取特别措施，防止节日期间动物们“暴饮暴食”。 ,"https://wx4.sinaimg.cn/large/9764bb42ly1fohe8lbfmgg207s0dq4qp.gif,https://wx2.sinaimg.cn/large/9764bb42ly1foheb5dgyqg20fk08s4qp.gif,https://wx1.sinaimg.cn/large/9764bb42ly1fohebex4pvj20u00mignh.jpg,https://wx1.sinaimg.cn/large/9764bb42ly1fohebgz7n1g20fk08sk95.gif,https://wx3.sinaimg.cn/large/9764bb42ly1fohebj90jrj21ha0u0jv0.jpg,https://wx1.sinaimg.cn/large/9764bb42ly1fohebkk2eqj21400u0dl7.jpg,https://wx3.sinaimg.cn/large/9764bb42ly1fohebm12fsj21900u0q74.jpg,https://wx2.sinaimg.cn/large/9764bb42ly1fohebnonzoj21900u078z.jpg,https://wx2.sinaimg.cn/large/9764bb42ly1fohebp479bj20xl0u0dj4.jpg",,,2018-02-15,微博 weibo.com,195,31,43,探索上海,
4207778068922326,【魔都网友们晒出的家常年夜饭，小布送你上头条！】#最新#你家的年夜饭吃完了吗，还是在中场休息？有没有吃到肚子圆滚滚？不妨一起来看看魔都的网友们发来的家常年夜饭照片。感谢@小W_TAMA酱@小磨咖啡_joe@糖小糖小吃货@倥偬Paradise@顾子岸妈咪@曉妍-xiaoyan@懒懒懒懒pan@一只八朔橘 等网友提供。每年 ...全文,"https://wx1.sinaimg.cn/large/9764bb42ly1fohdqbipg7j20k00dkac7.jpg,https://wx1.sinaimg.cn/large/9764bb42ly1fohdqd2k9gj20k00il413.jpg,https://wx3.sinaimg.cn/large/9764bb42ly1fohdqei1agj20k00k0acb.jpg,https://wx4.sinaimg.cn/large/9764bb42ly1fohdqgm3prj20k00f0gmz.jpg,https://wx1.sinaimg.cn/large/9764bb42ly1fohdqhxlwhj20k00f075v.jpg,https://wx2.sinaimg.cn/large/9764bb42ly1fohdqjnsiej20k00f0wg1.jpg,https://wx4.sinaimg.cn/large/9764bb42ly1fohdqle8cnj20k00ez406.jpg,https://wx4.sinaimg.cn/large/9764bb42ly1fohdqvyhadj21kw23vb2g.jpg,https://wx4.sinaimg.cn/large/9764bb42ly1fohdqq0h4gj21400u0dk7.jpg",,,2018-02-15,微博 weibo.com,99,13,29,最新,"小W_TAMA酱,小磨咖啡_joe,糖小糖小吃货,倥偬Paradise,顾子岸妈咪,曉妍-xiaoyan,懒懒懒懒pan,一只八朔橘"
4207772835478632,【最早的电视春晚什么样？这条微博告诉你】#探索上海#除夕夜的春节晚会是全球华人共享的视听“年夜饭”。虽说如今丰富的娱乐活动或多或少动摇了它曾经的收视霸主地位，但说起春晚，人们仍旧津津乐道。不过，你知道最早的春晚开始于哪一年么？1983年？1960年？还是……上海音像资料馆最新的研究发现，中 ...全文,https://wx2.sinaimg.cn/large/9764bb42ly1foh7rb84kwj20hi4fqhdt.jpg,,,2018-02-15,微博 weibo.com,19,2,14,探索上海,
4207766291793534,【别怪“每逢佳节胖三斤”，你真的吃对了吗？】#便民提示#节日期间亲朋好友聚在一起，吃吃喝喝是免不了的。但是春节饮食的特点往往是高蛋白、高脂肪、高热量、高盐分，正餐蔬菜类、淀粉类摄入偏少，餐间还会吃很多坚果、糕点等零食，结构紊乱。@上海岳阳中西医结合医院 建议大家荤素搭配，注意烹调方式 ...全文,https://wx4.sinaimg.cn/large/9764bb42ly1fogryhvgrdj20hi2h7hdt.jpg,,,2018-02-15,微博 weibo.com,22,4,6,便民提示,上海岳阳中西医结合医院
4207752953823979,【今天降温逾10度！下一股冷空气初四袭沪】#天气预报#与昨天宛如小阳春的18.3度相比，今天最高温仅为7.9度，降温幅度较大，小伙伴们迎新的时候一定要注意保暖哦。明天是新年第一天，上午阴有小雨、下午阴到多云；初二、初三气温略有回升；初三起持续小雨；初四开始北方新一股冷空气来袭，最高温将再度 ...全文,https://wx4.sinaimg.cn/large/9764bb42ly1fohalotw2uj20ej0l6td1.jpg,,,2018-02-15,微博 weibo.com,23,2,18,天气预报,
4207748424479855,【除了红包压岁钱，年夜饭也是重头戏啊】#滋味#小伙伴们，你们的年夜饭准备好了吗？上海人吃年夜饭交关讲究，勿仅要味道好，还要讨口彩，图个吉利！一起来看看小布为大家准备的年夜饭。欢迎在小布的留言板里分享你家的年夜饭菜单~ ,"https://wx2.sinaimg.cn/large/9764bb42ly1fogrxf19qpj20hi4iw1ky.jpg,https://wx3.sinaimg.cn/large/9764bb42ly1fogrxkpzgoj20hi48lx6p.jpg,https://wx2.sinaimg.cn/large/9764bb42ly1fogrxhxdydj20hi2gg1kx.jpg,https://wx2.sinaimg.cn/large/9764bb42ly1fogrxaxbzqj20hi0b20w4.jpg",,,2018-02-15,微博 weibo.com,25,3,11,滋味,
4207741902405278,【晒晒你家的年夜饭吧！】#征集#一年到头，最温暖最期待的，就是一家人团团圆圆吃顿年夜饭。你家的年夜饭有哪些让你念念不忘的美味？无论是自己做的，还是爸妈的拿手好菜，都欢迎拍照片加一句话介绍发给小布。小布会收集网友们的好菜，给大家一起“分享”哦。即便只是看看也很享受吧！ ,https://wx3.sinaimg.cn/large/9764bb42ly1fogrs3wqdtj20go0d9gm1.jpg,,,2018-02-15,征集超话,19,21,4,征集,
4207725494267622,【上海地铁张灯结彩，一进车站就是年！】#爱申活 暖心春#不知你是否发觉，@上海地铁shmetro 的各个车站已然装饰一新，大红灯笼高高挂起，中国结，福字，甚至是春联就在你不经意路过的地方。为了给乘客营造温馨、祥和的乘车体验，上海地铁新设计了9款迎新画面，在人民广场站、豫园站、交通枢纽等40个车 ...全文,"https://wx4.sinaimg.cn/large/9764bb42ly1foh7ouongaj217c0u0dip.jpg,https://wx4.sinaimg.cn/large/9764bb42ly1foh7ouatl8j20ez088abz.jpg,https://wx3.sinaimg.cn/large/9764bb42ly1foh7ousnx7j219x0u0wgp.jpg,https://wx2.sinaimg.cn/large/9764bb42ly1foh7ougbouj20ud0u03zp.jpg,https://wx1.sinaimg.cn/large/9764bb42ly1foh7ov448aj20u013zjtd.jpg,https://wx3.sinaimg.cn/large/9764bb42ly1foh7ovgyffj20u013zq5v.jpg,https://wx2.sinaimg.cn/large/9764bb42ly1foh7owei8mj20u013ztc9.jpg,https://wx2.sinaimg.cn/large/9764bb42ly1foh7oxtkyuj21h10u0q61.jpg,https://wx4.sinaimg.cn/large/9764bb42ly1foh7oyfrzvj211s0u0tar.jpg",,,2018-02-15,微博 weibo.com,36,9,10,爱申活 暖心春,上海地铁shmetro
4207704132011317,【阿拉老早底的年味是啥样？先来尝口蛋饺、龙虾片和猪油年糕~】#上海记忆#“过年”一词，会唤醒许多美好的回忆：风鱼、咸肉，风鸡吊在外面吹；排队买年货；小年夜做蛋饺、包汤圆；除夕年夜饭；大年初一穿新衣；大年初二提着蛋糕走亲访友；元宵节张灯结彩，小朋友拉兔子灯…… ,https://wx4.sinaimg.cn/large/9764bb42ly1fogrwhrsfdj20jb9rtu0y.jpg,,,2018-02-15,微博 weibo.com,67,36,104,上海记忆,
4207688278112940,【乘坐上海地铁时，携带大件行李不要超出23公斤/人！】#便民提示#@上海地铁shmetro 说，“春运”回家行李多，为了便于出行，应合理打包，压缩行李，并平均分配至每人携带，乘坐上海地铁时，携带大件行李不要超出人均23公斤、0.2立方米、1.7米哦。 ,https://wx4.sinaimg.cn/large/9764bb42ly1fogrvaxcngj20j60khgmt.jpg,,,2018-02-15,微博 weibo.com,21,28,19,便民提示,上海地铁shmetro
4207666995744710,【快讯！又拿一枚银牌！隋文静/韩聪夺冬奥会双人滑亚军！】#最新#在刚刚结束的平昌冬奥会花样滑冰双人滑比赛中，中国选手隋文静/韩聪发挥出众，因为一点小失误未能夺冠，不过仍为中国队获得一枚银牌。这也是中国队在本届冬奥会上获得的第二枚奖牌。为他们鼓掌，也为同样闯进决赛的于小雨/张昊鼓掌！ ,"https://wx1.sinaimg.cn/large/9764bb42ly1foh0z8podwg20bm06f1kx.gif,https://wx3.sinaimg.cn/large/9764bb42ly1foh0za1d7vg20bk0601kx.gif,https://wx4.sinaimg.cn/large/9764bb42ly1foh0zbi14mg20bw063qun.gif,https://wx1.sinaimg.cn/large/9764bb42ly1foh0zd0qoog20aq05knpd.gif,https://wx2.sinaimg.cn/large/9764bb42ly1foh0zd5euyj20oc0ds403.jpg,https://wx2.sinaimg.cn/large/9764bb42ly1foh0zea2nej20ob0duwfk.jpg,https://wx4.sinaimg.cn/large/9764bb42ly1foh0zfiqsrj20pg0e4q4a.jpg,https://wx2.sinaimg.cn/large/9764bb42ly1foh0zgufnpj20pf0eaabe.jpg,https://wx4.sinaimg.cn/large/9764bb42ly1foh0zipdjuj20o60do3zx.jpg",,,2018-02-15,微博 weibo.com,1302,166,82,最新,
4207665880679894,【3月31日欣赏《天空之城——久石让&宫崎骏动漫作品视听音乐会》】#午间时光#久石让，中国年轻一代的动漫迷们都不陌生。他的音乐，能勾起心底纯真的力量。此次音乐会带您欣赏《天空之城》、《千与千寻》、《龙猫》、《哈尔的移动城堡》、《幽灵公主》等动漫电影配乐，踏上久石让与宫崎骏这对黄金组合所 ...全文,https://wx1.sinaimg.cn/large/9764bb42ly1fogru0ifg8j20hi1r0thy.jpg,,,2018-02-15,微博 weibo.com,39,13,12,午间时光,
4207642727576186,【小布征集“汪星人”拜年照啦！】#征集#明天就是狗年的第一天，你家的“汪星人”即将当主角啦！想不想让TA的靓照登上上海发布？那就让你家“汪星人”给大家拜个年吧，拍下照片发给我们，就有机会哦！[期待][期待] ,https://wx2.sinaimg.cn/large/9764bb42ly1fogrtk19m3j21651he19y.jpg,,,2018-02-15,征集超话,51,27,7,征集,
4207628383289644,【上海明起至4月30日暂停活禽交易】#上海新闻#为保护公众健康和维护公共卫生安全，本市自明天（正月初一）至4月30日暂停活禽交易。期间，定点活禽批发市场和活禽零售交易点禁止活禽交易。想吃禽肉的筒子们，请看下@上海商务 整理的本市品牌冷鲜禽销售点名单，找找有没有你家附近的？详↓ ,https://wx4.sinaimg.cn/large/9764bb42ly1fogrmg4pnaj20fycmhkjm.jpg,,,2018-02-15,上海新闻超话,35,30,38,上海新闻,上海商务
4207612779903090,【提醒：今晚除夕夜，本市外环内和外环外9类区域禁放烟花爆竹】#便民提示#小伙伴们今天开心守岁，要过一个文明、环保的春节哦。提醒大家，本市禁止燃放烟花爆竹区域除外环线以内区域外，还包括外环线以外的9类区域。同时，如果遇到重污染天气，本市一律禁燃烟花爆竹哦。详↓ ,https://wx3.sinaimg.cn/large/9764bb42ly1fogrm0i05wj20hi218wp4.jpg,,,2018-02-15,微博 weibo.com,163,135,48,便民提示,
4207590113842611,【今早空气质量良，实时指数74】#空气质量#今天是除夕，目前空气质量一般。早7时全市PM2.5平均浓度53.8微克/立方米，最高的青浦淀山湖（淀峰渔民村1号）和浦东张江（祖冲之路295号）61，最低的浦东川沙（川环南路319号）46。实时空气质量指数74，良。逐小时更新数据请点击网页链接 ,"https://wx3.sinaimg.cn/large/9764bb42ly1fogs5g6webj20mm0guq4o.jpg,https://wx2.sinaimg.cn/large/9764bb42ly1fogs5icffsj20g80atweo.jpg,https://wx3.sinaimg.cn/large/9764bb42ly1fogs5jsq7aj20k90co75d.jpg,https://wx1.sinaimg.cn/large/9764bb42ly1fogs5l2gxjj20i10e7jsu.jpg",,,2018-02-15,微博 weibo.com,26,0,9,空气质量,
4207582694242722,【今天降温9度、有时有小雨，初二初三再有雨水】#天气预报#今天就是除夕啦，不过小伙伴们一定要做好防寒准备，因为最高温将从昨天的18.3度大幅下滑至9度。白天阴到多云有时有小雨，傍晚起阴有小雨，明天傍晚起才转阴到多云。未来几天气温变化不大，不过初二初三再次有雨水光顾申城。 ,https://wx1.sinaimg.cn/large/9764bb42ly1fogranfm8kj20j20ibgn4.jpg,,,2018-02-15,微博 weibo.com,26,10,34,天气预报,
