id,正文,原始图片url,视频url,位置,日期,工具,点赞数,评论数,转发数,话题,@用户
4312538680119923,【转存！进阶办公小能手！90个实用Word快捷键】 #晚安北京#明天升旗时间07:17，降旗时间16:50；明天天气多云，气温1℃~9℃。①Ctrl+[ 缩小字号，Ctrl+] 扩大字号；②CTRL+L 左对齐，CTRL+E 居中，CTRL+R 右对齐，Ctrl+J 两端对齐；③Ctrl+2 设为双倍行距；④Ctrl+0：段前添加一行间距。晚安~ ,"https://wx4.sinaimg.cn/large/006Tq1RLly1fxr2hgsdlej30j60srgrh.jpg,https://wx1.sinaimg.cn/large/006QDlnKly1fxr2hgmqjfj30j60srq93.jpg,https://wx2.sinaimg.cn/large/006PU2omly1fxr2hgod8aj30j60srdlm.jpg,https://wx1.sinaimg.cn/large/006RQL0zly1fxr2hgqv99j30j60srn34.jpg,https://wx4.sinaimg.cn/large/006RQL0zly1fxr2hgnm5hj30j60sr7ab.jpg,https://wx3.sinaimg.cn/large/006PU2omly1fxr2hgntzfj30j60sr7ad.jpg,https://wx2.sinaimg.cn/large/e984f89fly1fxr2hh2g1tj20j60srn3b.jpg,https://wx3.sinaimg.cn/large/005GMHDnly1fxr2hh5o4aj30j60srgrk.jpg,https://wx4.sinaimg.cn/large/006Tq1RLly1fxr2hh2enoj30j60sr7a5.jpg",,,2018-12-01,政务直通车,17,2,20,晚安北京,
4312508502735828,【北京的冬天，依然四季如春的地方】#美丽北京·乐活#北京的天儿越来越冷了，有没有特别想念温暖的夏天呢？告诉你一些地方，那里花正好，温暖如春↓↓【乐活】北京的冬天，依然四季如春的地方 ,,,,2018-12-01,政务直通车,19,2,19,美丽北京·乐活,
4312463200213866,【本市出台民办教育培训机构办学标准】#教育#不得使用住宅或地下室为办学场所，不得举办或变相举办各类中小学生等级考试、竞赛及进行排名，下课时间不得晚于晚8点半，不得聘用中小学在职教师……昨天，《北京市民办教育培训机构办学标准（暂行）》发布，进一步规范本市民办非学历教育培训机构发展秩序 ...全文,https://wx4.sinaimg.cn/large/902ace4bly1fxrco2uuk5j20dc31h151.jpg,,,2018-12-01,政务直通车,3,3,9,教育,
4312457080061690,【中关村知识产权故事 | 走进康辰药业：立足创新药 从“中国新”到“全球新”】中关村国家知识产权制度示范园区成立15周年之际，我们一起走进示范园区，了解园区企业创新精神、创业历程及知识产权保护工作。今天，让我们了解一下康辰药业的创新故事。（via@北京知识产权 ） ,https://wx2.sinaimg.cn/large/902ace4bly1fxrbys7b4gj20hs54kb29.jpg,,,2018-12-01,政务直通车,6,0,4,,北京知识产权
4312440546099513,【地铁28号线延至广渠东路】#城市运行#伴随着线路走向和设站情况发生变化，地铁CBD线升级为北京地铁28号线。地铁28号线的路线、长度和设站情况都发生了变化。其中，线路全长由过去6.46公里延长到8.77公里，车站数量也从8站增加到了9站，快看看变化↓↓【交通】地铁28号线（CBD线）最新规划曝光！设9站，延长2公里 ,,,,2018-12-01,政务直通车,15,20,15,城市运行,
4312435932241033,#40位老外看北京变迁#第二十二集《漂洋过海来喝酒》。路易斯·阿斯怡鲁，来自埃塞俄比亚，在北京生活30年了。刚开始，他对北京的二锅头味道根本不能适应，而现在一次能喝六两。他说，喝酒不是为了喝醉，而是交流感情，这是北京酒文化……他非常喜欢北京，希望一生都在北京居住。#致敬40年# 北京发布的秒拍视频,,,,2018-12-01,搜狗高速浏览器,5,8,35,"40位老外看北京变迁,致敬40年",
4312417897072055,【今天起，除6处限时专用上下客区位外——二环内路侧禁停旅游大巴】#提示#今天起，本市启动核心区旅游客车治理，前门、故宫及什刹海等景点较为集中的区域为治理重点。此次治理将规范设置旅游客车上下客区位，限时停靠10分钟供上下游客。 ,https://wx1.sinaimg.cn/large/902ace4bly1fxr7gsgoluj20er2ddqed.jpg,,,2018-12-01,政务直通车,7,4,3,提示,
4312395243539910,【共同守护绿水青山 携手推动高质量发展】#聚焦北京#昨天下午，本市召开生态涵养区与平原区结对协作框架协议签署工作会。市委书记蔡奇强调，各区要认真落实协议内容，共同守护绿水青山，携手推动高质量发展。市委副书记、市长陈吉宁，市人大常委会主任李伟，市政协主席吉林出席。 ,https://wx2.sinaimg.cn/large/902ace4bly1fxr4v43a3ij20e31c9wke.jpg,,,2018-12-01,政务直通车,10,2,12,聚焦北京,
4312384313721965,【市委召开第四次区委书记月度工作点评会】#聚焦北京#昨天下午，市委召开区委书记月度工作点评会。区委书记迎来“雷打不动”月考。房山、怀柔、延庆三个区的区委书记依次汇报工作亮点、剖析工作不足，并接受市委书记蔡奇现场点评。市委副书记、市长陈吉宁，市人大常委会主任李伟，市政协主席吉林参加。 ...全文,,,,2018-12-01,政务直通车,1,3,3,聚焦北京,
4312357490643266,【转存！羽绒服怎么挑？牢记这5点！】①羽绒分为“羽”和“绒”，相同克数的羽绒，含绒量越高越保暖；②鹅绒的保暖性较鸭绒更好；③按压或手攥之后，回弹快的羽绒品质好；④手感柔软能摸到少量细小毛梗的，品质好；若摸到较多较硬毛梗，或压根摸不到，品质不好；⑤轻轻拍打，看是否会钻绒。 ...全文,,"http://f.us.sinaimg.cn/002VXWwJlx07pws0TouA01040200rdyx0k010.mp4?label=mp4_hd&template=640x480.28.0&Expires=1566187107&ssig=lNBvTJV2Yf&KID=unistore,video",,2018-12-01,政务直通车,13,3,25,,
4312342378301042,【朝阳海淀700小区供水管网改造】#美丽北京·民生#朝阳、海淀一批小区即将用上市政自来水。市发改委近日批复了朝阳区、海淀区共709个小区的自备井置换和老旧小区内部供水管网改造项目，通过管线改造，加装流量计、水表等配套设施，为居民解决“最后一公里”的供水问题。 ,https://wx2.sinaimg.cn/large/902ace4bly1fxqysjm2qqj20e311cgpq.jpg,,,2018-12-01,政务直通车,4,0,3,美丽北京·民生,
4312312171150894,【努力】#北京您好#今天周六，车辆不限行；天气多云，气温-2℃~7℃。人生从来就是不进则退，与其等到来不及的时候懊悔，不如现在就开始努力！早安！ ,https://wx4.sinaimg.cn/large/902ace4bly1fxqvbnpmqjj20dw099jsd.jpg,,,2018-12-01,政务直通车,19,3,10,北京您好,
4307102874862973,【实用！衣物收纳、空间整理技巧】#晚安北京#明天升旗时间07:01，降旗时间16:57；明天天气多云转晴-2℃~9℃。“怦然心动的人生整理魔法”，教你最节省空间的收纳方法和折叠方法！等周末行动起来吧！晚安~ ,"https://wx3.sinaimg.cn/large/006U5VYCly1fx9okt67i7j30c80gojsz.jpg,https://wx4.sinaimg.cn/large/006TgztZly1fx9oktacowj30c80fuaba.jpg,https://wx2.sinaimg.cn/large/006SJmC1ly1fx9okt43bcj30c80go0ua.jpg,https://wx2.sinaimg.cn/large/006TgztZly1fx9oktfnlfj30c80go75s.jpg,https://wx4.sinaimg.cn/large/006TgztZly1fx9okte19cj30c80g4jsg.jpg,https://wx1.sinaimg.cn/large/006T9jGNly1fx9okt62j7j30c80godgw.jpg,https://wx1.sinaimg.cn/large/006ThqyJly1fx9okt2nmgj30c80gowfh.jpg,https://wx1.sinaimg.cn/large/006SJmC1ly1fx9okt673yj30c80gojsk.jpg,https://wx2.sinaimg.cn/large/006ThqyJly1fx9okta4mxj30c80go759.jpg",,,2018-11-16,政务直通车,13,2,17,晚安北京,
4307087770698331,【空调这样取暖 能省20%以上的电！转存！】空调制热比制冷要耗费更大功率，耗电量也更大。许多人知道夏天要把空调温度设置在26℃，冬天该设多少度？①温度设置在20℃左右，健康节能；②设置朝下出风，让室温快速上升；③慎点电辅热功能！这样用空调，能省20%-30%的电量。转存，有用！ ...全文,,"http://f.us.sinaimg.cn/000Jpuzxlx07p0f4ph8I01040200jaTk0k010.mp4?label=mp4_hd&template=640x480.28.0&Expires=1566187128&ssig=i0qPtQgni6&KID=unistore,video",,2018-11-16,政务直通车,11,2,6,,
4307072672044974,【蒙西管道互联互通段投产】#聚焦·京津冀协同发展#11月15日上午，来自中海油天津LNG接收站的天然气经由31.5公里的新建管道，顺利进入中国石油在华北的天然气管网，这标志着中国海油蒙西煤制天然气外输管道项目一期工程互联互通段成功建成通气。蒙西管道互联互通段投产后，可在今冬明春供暖期，每天为北 ...全文,https://wx3.sinaimg.cn/large/902ace4bly1fxa5kq5omqj20d81t9482.jpg,,,2018-11-16,政务直通车,0,0,1,聚焦·京津冀协同发展,
4307057571681914,【近3亿元生活性服务业基金投向民企】#优化营商环境北京在行动#为支持生活性服务业民营企业发展壮大，市商务局为商业便民项目持续提供资金扶持，并设立了生活性服务业发展基金，不断放大民间投资乘数效应。2017年以来，本市生活性服务业发展基金累计投资12家民营企业共2.87亿元，占已投出资金的65%左右 ...全文,https://wx2.sinaimg.cn/large/902ace4bly1fxa3ua8rogj20es20ggud.jpg,,,2018-11-16,政务直通车,2,1,2,优化营商环境北京在行动,
4307042468433672,【酒店杯具检测结果将公示】#美丽北京·民生#11月14日，网友“花总”发布的视频曝光国内五星级酒店卫生状况堪忧。昨天下午，本市卫监部门突查4家在京涉事酒店。卫监部门将约谈部分五星级酒店，强化其卫生责任意识与法律责任，发挥酒店行业自律作用，规范行业行为。卫生监督机构将继续采取不定期随机抽检 ...全文,https://wx4.sinaimg.cn/large/902ace4bly1fxa23ub5f1j20f01b8dld.jpg,,,2018-11-16,政务直通车,4,14,2,美丽北京·民生,
4307027364170763,【新旧八里桥将齐跨通惠河】#美丽北京·民生#通燕高速旁，通惠河静静流淌，古色古香的八里桥横跨河面，桥面上车水马龙、川流不息。上游152米处，新八里桥也是一片忙碌景象，近百名工人顶着寒风施工。这座新八里桥如今已有了雏形，年底桥梁主体结构就将完工。 ,https://wx1.sinaimg.cn/large/902ace4bly1fxa0denjngj20e315rk2p.jpg,,,2018-11-16,政务直通车,2,1,4,美丽北京·民生,
4307012270068006,【3300余座锅炉房全部点火】#美丽北京·民生#昨天零时，全市正式供暖，市民家中室温须达到18℃以上。市供热办表示，正式供暖首日，全市3300余座锅炉房全部点火运行。目前，全市区级以上应急抢险队伍已全部就位，及时处置突发情况。 ,https://wx3.sinaimg.cn/large/902ace4bly1fx9ymyz2i9j20ef1lrtg2.jpg,,,2018-11-16,政务直通车,3,1,3,美丽北京·民生,
4307009170522751,#40位老外看北京变迁#第七集《47年，光阴的故事》。吉米，菲律宾人，退休前任美国有线电视新闻网（CNN）北京分社社长。1971年吉米来到北京，77年参加高考考入北大，是恢复高考后首批大学生。1978年以前，生活娱乐很单调匮乏，吉米说，一个月内能看上一两部露天电影就很不错了，如今中国影视行业今非昔 ...全文,,"http://f.us.sinaimg.cn/003lKjqLlx07pf39ZZu801040201aHdI0k010.mp4?label=mp4_720p&template=1280x720.28.0&Expires=1566187128&ssig=4n%2BTjdn3%2F1&KID=unistore,video",,2018-11-16,360安全浏览器,42,7,54,40位老外看北京变迁,
4306982053793771,【京洽会上，民企喜获60个“专属”项目】#聚焦北京#昨天，第十届投资北京洽谈会举行。在常规项目推介的基础上，为支持民营经济发展，市发改委会同各区筛选出60个投资项目向民间资本集中推介，投资总规模超1000亿元。 ,https://wx1.sinaimg.cn/large/902ace4bly1fx9v621h5oj20es27547k.jpg,,,2018-11-16,政务直通车,3,1,5,聚焦北京,
4306966950547011,【年内行政审批网上可办率须超90%】#聚焦北京#为庆祝改革开放40周年，昨天上午，“将改革开放进行到底”系列论坛举行首场活动，市委改革办、市发展改革委、市生态环境局、市政府外办四部门负责人，畅谈本市改革开放发展成就，与网友在线互动。今年年底前，市区两级行政审批事项网上可办率须达到90%以上 ...全文,https://wx2.sinaimg.cn/large/902ace4bly1fx9tfm4z9zj20dc1yfn64.jpg,,,2018-11-16,政务直通车,6,0,7,聚焦北京,
4306951783384512,【重磅！北京市机构改革第二批20家新机构挂牌！一图读懂】继本市10家新机构密集挂牌组建后，今天，第二批20家新机构正式挂牌成立，以新机构名义开始工作。新组建机构中，既有与中央和国家机关基本对应设置的机构，如市市场监督管理局、市应急管理局，建立起全市统一的市场监管体系和应急管理体系，确保上下贯通、执行有力；又有立足首都城市战略定位因地制宜设置的机构，如市政务服务管理局，主要是为了深入推进审批服务便民化，建设符合首都特点的政务服务体系，实现政务服务“一口对外”、审批事项“一窗办理”、群众诉求“一号响应”、创新创业“一网通办”。本市新机构的挂牌组建工作已基本完成。到本月底，新组建机构将全部调整到位。【聚焦】重磅！北京市机构改革第二批20家新机构挂牌！一图读懂,"https://wx1.sinaimg.cn/large/902ace4bly1fx9roap2b6j20kw5g1qml.jpg,https://wx2.sinaimg.cn/large/902ace4bly1fx9rojbrrjj20kw3j9anu.jpg",,,2018-11-16,微博 weibo.com,14,1,13,,
4306951397349570,#40位老外看北京变迁#第六集《北京，绿色宜居之都》。他叫@NicholasRosellini （罗世礼），来自意大利，联合国驻华协调员、联合国开发计划署驻华代表，第一次来北京是在2001年。回顾改革开放40年，罗世礼认为，中国成功让8亿人口脱贫，这是前无古人的成就。北京前瞻性的工业化战略，将最大限度地降低碳 ...全文,,"http://f.us.sinaimg.cn/001is69Tlx07peNni7LO01040201i4SQ0k010.mp4?label=mp4_720p&template=1280x720.28.0&Expires=1566187129&ssig=Rj9BWT4%2BP1&KID=unistore,video",,2018-11-16,360安全浏览器,14,33,67,40位老外看北京变迁,NicholasRosellini
4306936780137199,【房山将打造生命科技产业基地】#美丽北京#日前，房山区政府与京东方科技集团股份有限公司签署合作协议，双方将在北京高端制造业基地，共同打造京东方生命科技产业基地项目。 ,https://wx1.sinaimg.cn/large/902ace4bly1fx9pyvku8fj20db0ivdit.jpg,,,2018-11-16,政务直通车,6,4,8,美丽北京,
4306905948078211,【本市小微企业“零成本”报装排水】#优化营商环境北京在行动#今年3月，本市出台一系列优化营商环境的政策措施，其中就包括让企业能更便利地接入电、水、气、热等市政服务。市排水集团通过减材料、减环节、减时限、减成本、加服务的“四减一加”一窗服务模式，进一步优化排水服务，让企业享受实惠。 ,https://wx3.sinaimg.cn/large/902ace4bly1fx9mfea8xjj20ef15tdkf.jpg,,,2018-11-16,政务直通车,2,1,8,优化营商环境北京在行动,
4306895815302629,【以永远在路上的执着和韧劲 推动全面从严治党向纵深发展】#聚焦北京#昨天下午，市委在市委党校召开全市领导干部警示教育大会。市委书记蔡奇强调，全市上下必须拿出坚如磐石的决心，以永远在路上的执着和韧劲，持之以恒推动全面从严治党向纵深发展。市委副书记、市长陈吉宁，市人大常委会主任李伟，市 ...全文,https://wx1.sinaimg.cn/large/902ace4bly1fx9l9hvpjfj20es33sapu.jpg,,,2018-11-16,政务直通车,8,1,13,聚焦北京,
4306868799787260,【努力】#北京您好#今天周五，车辆限行尾号1和6；天气多云，-1℃~7℃。未来是未知的，但我们可以通过努力的尝试去获得自己所需要的一切。早安~ ,https://wx2.sinaimg.cn/large/902ace4bly1fx9i5sv9s8j20dw09aq38.jpg,,,2018-11-16,政务直通车,16,2,6,北京您好,
4306378081712193,【快转存！鲜为人知却非常实用的PPT技巧】#晚安北京#明天升旗时间06:59，降旗时间16:59；明天天气小雨转多云1℃~8℃。工作后，经常需要制作PPT。PPT如何转PDF？如何一键禁播所有动画？如何秒换所有字体？如何提取PPT里的图片？如何切换大小写？PPT如何抠图？9张图，9个PPT制作小技巧，值得记下！  ...全文,"https://wx3.sinaimg.cn/large/006PUglaly1fx7dca1rr8j30j60j6dp3.jpg,https://wx3.sinaimg.cn/large/006Pw0WLly1fx7dc7zr6bj30j60j612a.jpg,https://wx4.sinaimg.cn/large/006PUglaly1fx7dc78nyij30j60j6dp6.jpg,https://wx4.sinaimg.cn/large/0077YUs4ly1fx7dc734fvj30j60j6dom.jpg,https://wx2.sinaimg.cn/large/006Pw0WLly1fx7dc7pesmj30j60j612a.jpg,https://wx2.sinaimg.cn/large/0077X2u1ly1fx7dc79b3wj30j60j67cx.jpg,https://wx1.sinaimg.cn/large/0077YUs4ly1fx7dc85j5fj30j60j6dp8.jpg,https://wx1.sinaimg.cn/large/006UFTH9ly1fx7dc8dpv2j30j60j6ajk.jpg,https://wx4.sinaimg.cn/large/0077X2u1ly1fx7dc8g4cwj30j60j6qcd.jpg",,,2018-11-14,政务直通车,29,1,40,晚安北京,
4306370527781406,【地铁上方跑高速，新机场轨道线“最难段”打通！】#城市运行#新机场轨道线施工的重要节点，全长7.9公里的中国首条轨道线、高速公路共构段将实现主体结构完工，明年开通后，最上层走高速，中层通双车道新机场轨道线，下部为团河路和新机场地下综合管廊。 ,"https://wx1.sinaimg.cn/large/006UuoM3ly1fx7exo6araj30d81tqn7n.jpg,https://wx4.sinaimg.cn/large/006RQKxoly1fx7exr38joj30b406940m.jpg,https://wx4.sinaimg.cn/large/006UuoM3ly1fx7exwmehkj30go0amab6.jpg,https://wx1.sinaimg.cn/large/0075hqWNly1fx7exylp21j30go0aygnl.jpg,https://wx2.sinaimg.cn/large/006TqWycly1fx7ey0z2l1j30go0b6dhu.jpg,https://wx3.sinaimg.cn/large/006TqW5Aly1fx7ey34lcwj30go0b3wg3.jpg,https://wx1.sinaimg.cn/large/0068akTRly1fx7ey7v0nhj30go0aqdh7.jpg,https://wx3.sinaimg.cn/large/0068akTRly1fx7eyapymgj30go0alab1.jpg,https://wx2.sinaimg.cn/large/006T84Duly1fx7ezi940nj30go0b3t9z.jpg",,,2018-11-14,政务直通车,14,1,1,城市运行,
4306357278308545,#40位老外看北京变迁#第四集《了解中国，从了解北京开始》。他叫戴尚贤，是瑞士驻华大使。谈到北京，戴尚贤说，北京不仅是中国的政治中心，也是一个繁华的、充满科技氛围和研究氛围的人工智能高速发展中心。北京不断前进且不断自我调整，如果你不了解北京，你就不可能了解中国……#致敬40年#  ...全文,,"http://f.us.sinaimg.cn/0030MGDolx07pcbfZ9Ti01040201pZxz0k010.mp4?label=mp4_720p&template=1280x720.28.0&Expires=1566187133&ssig=tD0t%2FdALoy&KID=unistore,video",,2018-11-14,搜狗高速浏览器,42,15,76,"40位老外看北京变迁,致敬40年",
4306340363631225,【做好这9点，远离糖尿病！】数据显示，全球每11位成人中就有1位患糖尿病，患病人数达4.25亿。说到糖尿病，我们一直都将它以老年病对待。但近年来，糖尿病有明显的年轻化趋势。缺乏运动、作息混乱、体重超标……这些都可能成为糖尿病的诱因。今天，#世界糖尿病日#，教你如何预防糖尿病↓↓ ,"https://wx2.sinaimg.cn/large/006T92Zgly1fx7n0cryh5j30j60j6jw4.jpg,https://wx2.sinaimg.cn/large/006Tplsoly1fx7n0dmgvzj30j60j6dke.jpg,https://wx3.sinaimg.cn/large/006T92Zgly1fx7n0fw4yij30j60j6jvx.jpg,https://wx3.sinaimg.cn/large/006SJvTQly1fx7n0bjlgtj30j60j6dk2.jpg,https://wx1.sinaimg.cn/large/006SJvTQly1fx7n0c0h4kj30j60j6wif.jpg,https://wx4.sinaimg.cn/large/006Tplsoly1fx7n0c7e44j30j60j6tcw.jpg,https://wx2.sinaimg.cn/large/006T95wnly1fx7n0cje7jj30j60j677r.jpg,https://wx1.sinaimg.cn/large/006Tplsoly1fx7n0dpksgj30j60j6jve.jpg,https://wx1.sinaimg.cn/large/006UFzUply1fx7n0csgqmj30j60j677a.jpg",,,2018-11-14,政务直通车,8,1,17,世界糖尿病日,
4306325267962331,【棉纺厂老照片点亮十里堡】#美丽北京·文化#今年，曾经的棉纺工业重镇八里庄启动了主题为“八里情怀，十里记忆”的围墙更新计划，将在地区28条背街小巷的围墙上设置老照片展，留住地区的纺织记忆。 ,https://wx3.sinaimg.cn/large/902ace4bly1fx7rqjr44ij20e31oc4ac.jpg,,,2018-11-14,政务直通车,11,2,6,美丽北京·文化,
4306310155294256,【改革开放推动出境旅游人次涨了500倍】#改革开放40周年北京相册# @北京统计 近日发布改革开放以来北京旅游业发展报告。40年来，北京旅游市场规模不断拓展，服务供给体系逐步健全，旅游产品日趋丰富，服务品质显著提升，首都旅游业正由高速增长向高质量发展迈进。 ,https://wx4.sinaimg.cn/large/902ace4bly1fx7q02aaaoj20es1z27cc.jpg,,,2018-11-14,政务直通车,3,1,2,改革开放40周年北京相册,北京统计
4306295047382771,【石景山上线全市首家矛盾化解平台】#美丽北京·民生#昨日，石景山正式推出全市首家线上矛盾纠纷多元化解平台，通过大数据等技术汇聚多方调解力量，让百姓遇到纠纷可在线答疑，足不出户调解纠纷，降低矛盾化解成本，为百姓维权提供新途径。 ,https://wx2.sinaimg.cn/large/902ace4bly1fx7o9lx6ulj20f91iqjye.jpg,,,2018-11-14,政务直通车,5,0,2,美丽北京·民生,
4306287497442943,【为什么会胖？这回可以甩锅了：可能是小时候没睡够】日前，我国学者开展的一项针对6到18岁儿童青少年、随访长达10年的代谢综合征研究结果在权威国际期刊发表。研究发现，儿童的肥胖和超重与睡眠密切相关。戳视频新华视点的秒拍视频 ,,"http://gslb.miaopai.com/stream/QE7nOkJNBpIgOTrjRMwcQ8bjfs-a3Q5AuNO1Uw__.mp4?yx=&refer=weibo_app&vend=weibo&label=mp4_hd&mpflag=8&Expires=1566187133&ssig=lwn7IcV%2FQB&KID=unistore,video",,2018-11-14,政务直通车,8,7,13,,
4306279943904906,【地铁3号线工体站主体结构开工】#城市运行#在经历近半年的大量前期准备工作后，地铁3号线一期工程01标工人体育场站近日迎来主体小导洞开挖，标志着工人体育场站正式进入主体结构施工阶段。 ,"https://wx1.sinaimg.cn/large/005spJqZly1fx7f3o13buj30d910wn2x.jpg,https://wx1.sinaimg.cn/large/006STrqHly1fx7mj5c51qj30dw0990ux.jpg,https://wx1.sinaimg.cn/large/0077Xi09ly1fx7mj5j9e5j30dw07c755.jpg",,,2018-11-14,政务直通车,14,7,9,城市运行,
4306269781852830,【掌阅科技等民企获朝阳定制“服务包”】#优化营商环境北京在行动#@掌阅阅读 @得到 等文化科技类重点民营企业，近日获得了朝阳区为其定制的精准“服务包”。此外，朝阳区还整合数百亿元的基金资源，推动民营企业高质量发展。 ,https://wx3.sinaimg.cn/large/902ace4bly1fx7ld4o5u4j20e314ftik.jpg,,,2018-11-14,政务直通车,4,0,3,优化营商环境北京在行动,"掌阅阅读,得到"
4306211979503781,【陕京四线新压气站月底投产】#资讯#随着陕京四线托克托站本月底即将投产，供京天然气能力将每天再提高1600多万立方米。 ,https://wx3.sinaimg.cn/large/902ace4bly1fx7eq56fv8j20d72r8tmz.jpg,,,2018-11-14,政务直通车,3,0,3,资讯,
4306190026880795,"【兴延高速5.8公里石峡隧道全线贯通】#聚焦北京#随着“轰”的一声巨响, 兴延高速公路石峡隧道右线最后2米围岩爆破成功。这座本市目前在建的最长公路隧道，经过全体参建人员的共同努力，历时939天，于近日胜利贯通。兴延高速预计将于今年年底通车，公路建成后，将大大缩短中心城区与延庆间的距离。 ",https://wx3.sinaimg.cn/large/902ace4bly1fx7c7dt3y5j20ef1bktey.jpg,,,2018-11-14,政务直通车,15,6,13,聚焦北京,
4306166219741428,【严格落实责任 坚决打赢冬季大气污染防治攻坚战】#聚焦北京#昨天，本市发布空气重污染黄色预警并启动应急预案，这是今年入冬以来首个重污染预警。晚上8时许，市委副书记、市长陈吉宁来到新组建的市生态环境局，通过视频系统调度全市应急措施落实情况，随后又不打招呼、直插现场，到市内多处工地、重型 ...全文,https://wx4.sinaimg.cn/large/902ace4bly1fx79gymzhgj20es14ddlk.jpg,,,2018-11-14,政务直通车,9,23,17,聚焦北京,
4306159202977847,【密切联系群众的四个着力点】#党建声音#党员干部密切联系群众是增强党的长期执政能力的基础工程。新时代对做好群众工作提出了新要求。坚持不懈践行党的群众路线，深入细致做好群众思想政治工作，进一步密切党同人民群众的血肉联系，必须从以下四个方面下更大功夫。 ,https://wx2.sinaimg.cn/large/902ace4bly1fx78ny6mv7j20d82f44f0.jpg,,,2018-11-14,政务直通车,6,5,23,党建声音,
4306144023530232,【努力】#北京您好#今天周三，车辆限行尾号4和9；天气多云，5℃~14℃。努力，很多时候是一个人的单打独斗，尽己所能，扬长补短，就是对自己最好的成全。让每个今天都优于过去的昨天，改变就会在你意想不到的时候发生。早安！ ,https://wx2.sinaimg.cn/large/902ace4bly1fx76x6h4gij20dw0afdh5.jpg,,,2018-11-14,政务直通车,16,3,6,北京您好,
4299492742308730,【深秋颐和园美如画】#晚安北京#明天升旗时间06:37，降旗时间17:19；明天天气多云，气温5℃~17℃。深秋的颐和园已经美成这样，明天周末，可以去转转，晚安~ 摄影：颐和园微摄影团队 ,"https://wx2.sinaimg.cn/large/00788DfPly1fwlfqeoqs5j30j60asmzm.jpg,https://wx2.sinaimg.cn/large/006PUbx6ly1fwlfqembirj30j60aswgh.jpg,https://wx3.sinaimg.cn/large/006TlxNely1fwlfqfek7hj30j60csjuf.jpg,https://wx4.sinaimg.cn/large/006Tr4Txly1fwlfqeivgsj30j60asdjm.jpg,https://wx4.sinaimg.cn/large/006Tr4Txly1fwlfqg7p9sj30j60csjv6.jpg,https://wx4.sinaimg.cn/large/006Tr4Txly1fwlfqeijjij30j60aswfz.jpg,https://wx3.sinaimg.cn/large/006Toexgly1fwlfqf5523j30j60d30yo.jpg,https://wx2.sinaimg.cn/large/006PxjZVly1fwlfqers38j30j60csn0r.jpg,https://wx1.sinaimg.cn/large/006Tr4Txly1fwlfqevdbej30j60a0adb.jpg",,,2018-10-26,政务直通车,23,2,7,晚安北京,
4299477642447046,【60至64岁老年人下月领“养老卡”】#美丽北京·民生#市老龄办25日表示，60至64周岁老年人的北京通-养老助残卡将启动发放。11月1日起，已提交采集信息的老年人可到社区领卡。详戳↓↓↓ ,https://wx1.sinaimg.cn/large/902ace4bly1fwlxaqn7nij20fa1dh7a4.jpg,,,2018-10-26,政务直通车,5,4,6,美丽北京·民生,
4299462539189695,【“红袖标”魅力比拼！ “首都最美治安志愿者”邀你投票】有这样一群人不求回报奔波于城市街道，为我们带来温暖。他们有一个共同的名字：志愿者。2018年“首都最美治安志愿者”评选宣传活动启动啦！“红袖标”魅力比拼！ “首都最美治安志愿者”邀你投票 ,,,,2018-10-26,政务直通车,3,3,1,,
4299447439077318,【供暖11月7日点火试运行】#美丽北京·民生#25日，本市部署今冬供暖和扫雪铲冰工作，月底前，全市供热单位具备供热条件。本采暖季，全市供热面积将达8.7亿平方米，集中供热面积基本实现清洁化。 ,https://wx3.sinaimg.cn/large/902ace4bly1fwlttvbr5rj20dx1yoqdr.jpg,,,2018-10-26,政务直通车,7,15,28,美丽北京·民生,
4299432306599481,【读懂体检报告上的乙肝数据 】#提示#随着乙肝疫苗的普及，国内乙肝感染率在逐渐下降。乙肝的危害众所周知，那么，乙肝的检查数据你都能看懂吗？ ,https://wx4.sinaimg.cn/large/902ace4bly1fwls3aoku0j20ef30vk8p.jpg,,,2018-10-26,政务直通车,6,1,4,提示,
4299417249222867,【京港洽谈会签约35.3亿美元】#聚焦北京#25日，第22届京港洽谈会闭幕。在京港双向投资重点项目签约仪式上，共有15个重点项目签约，其中包括两个签署合作协议以及13个双向投资项目，签约金额折合35.3亿美元。下一步，本市市民将直接受惠于这些投资项目，未来将享受到更加人性化的轨道交通服务，以及来自 ...全文,https://wx1.sinaimg.cn/large/902ace4bly1fwlqd1q55tj20es1kfajs.jpg,,,2018-10-26,政务直通车,1,1,3,聚焦北京,
4299402145098453,来自不同地域和文化背景下不同年龄段的摄影师，用摄影独有的艺术形式呈现出了我们的缤纷世界与美好生活，恰到好处地体现出自己的独立思考与表达。#2018国际摄影周#十国摄影组织主席作品，有没有产生艺术的共鸣？ ,"https://wx4.sinaimg.cn/large/006Thrl6ly1fwlexo6n2sj30p80gs7i2.jpg,https://wx3.sinaimg.cn/large/0077X9E9ly1fwlexpy75vj30og0gadu0.jpg,https://wx4.sinaimg.cn/large/006PERXCly1fwlexrcukhj30o00je1ig.jpg,https://wx2.sinaimg.cn/large/0078aqivly1fwlexo3p62j30ap06tdjj.jpg,https://wx3.sinaimg.cn/large/006PvXomly1fwlexqs76wj30og0hkgzz.jpg,https://wx4.sinaimg.cn/large/006Px31jly1fwlexqsvbpj30og0ic7j9.jpg,https://wx1.sinaimg.cn/large/006PKX03ly1fwlexqu4skj30og0fne2j.jpg,https://wx1.sinaimg.cn/large/006Px31jly1fwlexp1xukj30og0g27sy.jpg,https://wx3.sinaimg.cn/large/006PKX03ly1fwlexwcbwzj30nb0z1kjl.jpg",,,2018-10-26,政务直通车,3,2,5,2018国际摄影周,
4299387042099678,【海内外1800余家文创企业齐聚京城】#美丽北京·文化#第十三届中国北京国际文化创意产业博览会25日正式开幕，来自海内外的1800余家文化创意企业齐聚北京，举办展览展示、推介交易、论坛交流等六大类近百场活动，全面推动国际文化创意产业交流合作。 ,https://wx3.sinaimg.cn/large/902ace4bly1fwlmw510hlj20f01biwoq.jpg,,,2018-10-26,政务直通车,1,2,6,美丽北京·文化,
4299371933382616,#美丽北京·秋#【秋意浓，一起品诗意赏秋光】秋意渐浓，正是观赏红叶的好时节。在古诗词中，红叶是“霜叶红于二月花”的艳丽，是“天然妆点秋屏列”的缤纷，是“冉冉秋光留不住”的怅然，是“孤梦家山远”的乡愁……读唯美诗词↓一起赏红叶。 ,"https://wx2.sinaimg.cn/large/006TgV2Sly1fwkcvsy92ej30j60yywj6.jpg,https://wx4.sinaimg.cn/large/006TgZ9hly1fwkcvstrdcj30j60yygpm.jpg,https://wx3.sinaimg.cn/large/006TgZ9hly1fwkcvu3g80j30j60yy786.jpg,https://wx3.sinaimg.cn/large/006TgV2Sly1fwkcvup7oaj30j60yytiu.jpg,https://wx1.sinaimg.cn/large/006UusoAly1fwkcvt1uyhj30j60yyjvs.jpg,https://wx4.sinaimg.cn/large/006TgV2Sly1fwkcvufcq5j30j60yydk3.jpg,https://wx1.sinaimg.cn/large/006Px6NEly1fwkcvue5rdj30j60yywiy.jpg,https://wx3.sinaimg.cn/large/006Px3eTly1fwkcvu784oj30j60yyq7l.jpg,https://wx4.sinaimg.cn/large/006T83VUly1fwkcvttjs1j30j60yygqm.jpg",,,2018-10-26,政务直通车,6,1,15,美丽北京·秋,
4299356830108986,【第三代氢燃料公交即将上路运营】#美丽北京·民生# 京城绿色公交车队再添新成员。5辆欧辉12米氢燃料电池城市客车已交付北京公交集团，将于近期在公交384路投入运营。第三代氢燃料汽车续航里程超过400公里，运营中能实现真正零排放。 ,https://wx4.sinaimg.cn/large/902ace4bly1fwljf8w4hzj20d918lgrx.jpg,,,2018-10-26,政务直通车,15,5,15,美丽北京·民生,
4299341730610900,【燕墩：小墩台蕴含的大历史】#美丽北京·文化#北京东城区南部有一座方形墩台，数百年来，它矗立在老北京城的南部，与其他几个方向的镇物一起，默默地守护着这座古老的城市。燕墩虽小，却蕴涵了很多的历史和知识，具有很高的文物价值，详戳↓ ,"https://wx2.sinaimg.cn/large/006Tr4vkly1fwkcmklprej30j60ebgn9.jpg,https://wx3.sinaimg.cn/large/006Px6NEly1fwkcmku9p6j30j60dyjst.jpg,https://wx3.sinaimg.cn/large/006TZZeNly1fwkhpltd5tj30j10cm0up.jpg,https://wx4.sinaimg.cn/large/006TlBauly1fwkhpml6iij30j60jago9.jpg,https://wx4.sinaimg.cn/large/006PKXWAly1fwkhpmn3iwj30j60c4jse.jpg,https://wx4.sinaimg.cn/large/006TZZeNly1fwkhqgnn6lj30dc37wto0.jpg",,,2018-10-26,政务直通车,12,6,12,美丽北京·文化,
4299326638914282,【大兴年内新增22家慈善超市】#美丽北京·民生#目前，在大兴区兴丰街道、观音寺街道、魏善庄镇、采育镇等镇街，已经有14家慈善超市完成签约。今年内，全区将完成22家慈善超市的选址和签约工作。这些慈善超市还将作为捐赠物资的接收点，推动社会捐助工作的可持续发展。 ,https://wx3.sinaimg.cn/large/902ace4bly1fwlfyfkf99j20es0hpn10.jpg,,,2018-10-26,政务直通车,11,4,5,美丽北京·民生,
4299311523724919,【北京二中亦庄办新校】#教育#北京二中亦庄学校启动建设，亦庄优质教育资源再扩容。新学校预计2020年开始招生。此次启动建设的二中亦庄学校位于开发区河西教育配套设施规划用地，占地面积82784.5平方米，是一所普通公办12年建制学校。 ,https://wx2.sinaimg.cn/large/902ace4bly1fwle7wteaej20fa0j4dj7.jpg,,,2018-10-26,政务直通车,7,2,6,教育,
4299296415247250,【市级环保精细化专项督察启动】#聚焦北京# 市环保局通报，市环保督察办、督察中心全面启动大气污染防治精细化管理专项督察工作。督察从10月24日开始将一直持续至11月20日。 ,https://wx1.sinaimg.cn/large/902ace4bly1fwlchgkhccj20em182qaz.jpg,,,2018-10-26,政务直通车,5,0,6,聚焦北京,
4299292719594990,【市政府举行外国驻华使节招待会】#聚焦北京#昨晚，北京市人民政府在新首钢高端产业综合服务区举行外国驻华使节招待会，来自110多个国家的驻华使节和国际组织驻华代表夫妇应邀出席。市委副书记、市长陈吉宁出席招待会并致辞。 ,https://wx4.sinaimg.cn/large/902ace4bly1fwlc272541j20dc0xtjvf.jpg,,,2018-10-26,政务直通车,5,1,6,聚焦北京,
4299258662686160,【燃！纪录片《极致中国》带你探寻独特的中国之美】#北京您好#今天周五，车辆限行尾号1和6；天气晴，3℃~14℃。从雪山、天坑、海洋，到羌族古老的取水仪式、嘉绒藏族的日常和疍家人的文化追寻……这部超燃的纪录片《极致中国》，集结国内外顶级探险家，以探险者视角，展现中国的自然奇观和传统 ...全文,,http://gslb.miaopai.com/stream/lMVZOQqsvA7J-v0PNeFMhW9X-8vqKm0OP-UUag__.mp4?yx=&refer=weibo_app&vend=weibo&label=mp4_720p&mpflag=32,,2018-10-26,政务直通车,36,6,25,北京您好,
4290795416539410,【缺觉一周改变700个基因】#晚安北京#明天升旗时间06:12，降旗时间17:55；明天晴，11℃~25℃。缺觉一周改变700个基因，别以为第二天晚起就没事了。你是否认为晚上晚睡，第二天晚起就没事了？毕竟你睡足了这个年龄段该有的睡眠时间？不开玩笑，缺觉一周700多种基因就会发生改变。不要粗心与身体有关的一 ...全文,,"http://f.us.sinaimg.cn/001FgZ5glx07gTbCC1zW01040200S33Q0k01.mp4?label=mp4_720p&template=28&Expires=1566187182&ssig=pFkCvNCGgl&KID=unistore,video",,2018-10-02,政务直通车,20,10,28,晚安北京,
4290765213760234,【首都机场上线“民航电子临时乘机身份证明”】#美丽北京·民生##2018国庆节#10月1日起，首都机场在三座航站楼全面上线运行民航电子临时乘机身份证明。旅客可通过两个途径办理，详戳↓首都机场上线“民航电子临时乘机身份证明” ,,,,2018-10-02,政务直通车,3,1,5,"美丽北京·民生,2018国庆节",
4290735026549130,【第二十届北京国际旅游节开幕：中非丝路情 相聚在北京】#2018国庆节#10月1日上午，由北京市旅游发展委员会主办的第二十届北京国际旅游节在奥林匹克公园庆典广场拉开帷幕。今年的北京国际旅游节以“中非丝路情 相聚在北京”为主题，从10月1日持续到10月4日，围绕“一带一路”倡议，打造一场汇聚国际风 ...全文,"https://wx2.sinaimg.cn/large/0077ZdnXly1fvtm0fbqr9j30nm0frn0u.jpg,https://wx3.sinaimg.cn/large/0078dR9Aly1fvtm0qb1d8j30nm0frtcr.jpg,https://wx2.sinaimg.cn/large/0077X6lSly1fvtm0xficmj30nm0frtd3.jpg,https://wx4.sinaimg.cn/large/006Uuqr1ly1fvtm140cixj30nm0frq77.jpg,https://wx2.sinaimg.cn/large/0078dR9Aly1fvtm1acn1qj30nm0fr0wu.jpg,https://wx2.sinaimg.cn/large/0077UvEnly1fvtm1d1y0xj30nm0frtco.jpg,https://wx4.sinaimg.cn/large/00789YLJly1fvtm1sbslgj30nm0frgq0.jpg,https://wx2.sinaimg.cn/large/0077Wab8ly1fvtm251sdlj30nm0frjv8.jpg,https://wx4.sinaimg.cn/large/007890yqly1fvtm2ojkpuj30nm0fr0x5.jpg",,,2018-10-02,政务直通车,9,2,7,2018国庆节,
4290704849074214,【假期首日40.5万游客游园，提前预约可省现场等待时间】#2018国庆节#国庆假期第一天，共有40.5万游客游园祝福祖国生日。颐和园接待游客7.3万人次位列第一，同比增长46%；北海公园、北京动物园游客接待量达5.5万人次；天坛公园游客接待量近5.1万人次。本市五家市属公园及十处核心景区首次实行“预约游览 ...全文,https://wx1.sinaimg.cn/large/902ace4bly1fvtxr92ds7j20dc13pn2m.jpg,,,2018-10-02,政务直通车,6,5,2,2018国庆节,
4290674603453150,【好戏纷呈 2018中国戏曲文化周盛大开幕】#2018国庆节##美丽北京·乐活#10月1日，以“中国梦·中华魂·戏曲情”为主题的2018中国戏曲文化周在北京园博园鸣锣开唱。国庆期间，丰富多彩的戏曲文化活动接力登场，盛大的花车巡游表演、唯美精致的园林演出、高潮迭起的票友大赛、精彩绝伦的戏曲电影展映……为 ...全文,"https://wx1.sinaimg.cn/large/0078auqmly1fvtlurj9uhj30xc0m8q6x.jpg,https://wx1.sinaimg.cn/large/0077Z21Wly1fvtluv1b5vj30xc0m845y.jpg,https://wx4.sinaimg.cn/large/0078hgTGly1fvtluxzh09j30xc0m8tfd.jpg,https://wx4.sinaimg.cn/large/005xSOj7ly1fvtlv1ez3tj30xc0m845c.jpg,https://wx3.sinaimg.cn/large/0077W0Quly1fvtlvdzqlxj30xc0m8n0n.jpg,https://wx1.sinaimg.cn/large/00789Y5oly1fvtlvl5s1jj30xc0m8dnq.jpg,https://wx2.sinaimg.cn/large/0077Z21Wly1fvtlvpqq6ij30xc0m8wmd.jpg,https://wx1.sinaimg.cn/large/0078hgTGly1fvtlvuaie7j30xc0m8mzq.jpg,https://wx3.sinaimg.cn/large/006PUbZjly1fvtlw176ulj30xc0m8wmf.jpg",,,2018-10-02,政务直通车,7,3,3,"2018国庆节,美丽北京·乐活",
4290644396084319,【14种抗癌药平均降幅4.7%】#资讯#按照国务院对抗癌药专项采购的决策部署，北京市在9月1日8种抗癌药调整采购价格和医保支付标准的基础上，完成了第二批调价的6个品种的采购价格和医保支付标准调整。市卫计委介绍，患者即日起就可享受降价福利。 ,https://wx4.sinaimg.cn/large/902ace4bly1fvtqtbpfrqj20dc0kcwh4.jpg,,,2018-10-02,政务直通车,5,6,4,资讯,
4290621747765632,【国庆假期旅游推荐——京城黄金旅游线】#2018国庆节#您知道北京的中轴线吗？中轴线，也是京城的黄金旅游线路。这里隐藏了众多名扬海内外的文物古迹和文化景点。从南向北，天坛、前门、天安门、故宫、钟鼓楼、孔庙、国子监、雍和宫等尽数其中！这个国庆，可以去转转~ ,"https://wx1.sinaimg.cn/large/0077Vnu1ly1fvrkdzckgqj30dw0dwq5q.jpg,https://wx1.sinaimg.cn/large/006TpatKly1fvrkdzlqidj30dw0dw41l.jpg,https://wx2.sinaimg.cn/large/006pRDkuly1fvrkdzm4y5j30dw0dwwfa.jpg,https://wx4.sinaimg.cn/large/006T82rHly1fvrke01dxwj30dw0dwwi4.jpg,https://wx1.sinaimg.cn/large/006TpatKly1fvrke1fs9fj30go0godlf.jpg,https://wx2.sinaimg.cn/large/006U5XODly1fvrkdzv41tj30dw0dwq5w.jpg,https://wx2.sinaimg.cn/large/c12e3fd2ly1fvrkdzy4hzj20dw0dwjv4.jpg,https://wx3.sinaimg.cn/large/006U5XODly1fvrke0f50jj30dw0dw0wn.jpg,https://wx1.sinaimg.cn/large/006TqW5Aly1fvrke016i7j30dw0dw41j.jpg",,,2018-10-02,政务直通车,107,24,123,2018国庆节,
4290598679154545,【做好节日各项保障 让市民群众过好节】#聚焦北京#昨天是祖国69岁华诞，全市人民都沉浸在节日的喜悦之中。一早，市委书记蔡奇来到市委值班室，检查调度国庆期间城市运行保障等工作。他强调，要坚持以人民为中心的发展思想，时刻把人民群众冷暖安危放在心上，坚持“干部在岗、群众过节”，加强值班值守 ...全文,https://wx2.sinaimg.cn/large/902ace4bly1fvtlk9zjk3j20dc152dlj.jpg,,,2018-10-02,政务直通车,10,1,5,聚焦北京,
4290584036321697,【国庆前夕，北京旅游市场秩序整治再升级】#聚焦北京##2018国庆节#9月30日早，市旅游委牵头的联合执法检查组奔赴昌平十三陵景区外围对非法“一日游”进行执法检查，查封、关停了2家从事非法“一日游”的玉器店，并现场查处了一辆旅游黑车。数据显示，今年以来全市受理“一日游”投诉同比下降63%，旅游 ...全文,https://wx3.sinaimg.cn/large/902ace4bly1fvtjvquzavj20dc1j1471.jpg,,,2018-10-02,政务直通车,6,2,3,"聚焦北京,2018国庆节",
4290561374067940,【停下来，是为了再次起航】#北京您好#今天周二，车辆不限行；天气晴，11℃~24℃。有时候，你得停一下脚步，等一等心灵，让心情平和，试着学会“向内”看自己，想一想所拥有的美好事物，将会心生感恩，更懂珍惜。停下来，是为了再次起航～早安～ ,https://wx4.sinaimg.cn/large/902ace4bly1fvtha2reptj20k00by3zg.jpg,,,2018-10-02,政务直通车,17,3,8,北京您好,
4282460482771965,【6招帮你缓解坐骨神经痛】#晚安北京#明天升旗时间05:50，降旗时间18:32；明天多云，气温18℃-28℃。久坐一族必备！动作没难度，空余时间来一组，能有效放松筋骨，非常需要了！晚安～人人视频的秒拍视频 ,,"http://f.us.sinaimg.cn/0018D5H1lx07mYkW4tTa01040200hoZ50k010.mp4?label=mp4_720p&template=1280x720.27&Expires=1566187212&ssig=qWg5PcS8DM&KID=unistore,video",,2018-09-09,政务直通车,24,3,33,晚安北京,
4282445383740004,【1.2万人参加北京国际山地徒步大会】#美丽北京·乐活#9月8日为期两天的第九届北京国际山地徒步大会斋堂站拉开帷幕，共有来自约20个国家和地区的1.2万名徒步爱好者参加，乐享京西金秋美景。 ,https://wx1.sinaimg.cn/large/902ace4bly1fv3l655st8j20d81a5dxr.jpg,,,2018-09-09,政务直通车,6,3,2,美丽北京·乐活,
4282430279880391,【交通安全“救”在身边】道路交通事故猛于虎，一旦发生交通安全事故该怎么办？如何安全 正确地急救？这些急救知识要知道，关键时刻能救命！ 转发分享～ ,"https://wx1.sinaimg.cn/large/006RskvPly1fv359y5ou8j30m80os44o.jpg,https://wx2.sinaimg.cn/large/006qcjJMly1fv35a1a3n3j30m80tr45x.jpg,https://wx2.sinaimg.cn/large/006Uuql7ly1fv35a3y4k2j30m80y2q9n.jpg,https://wx1.sinaimg.cn/large/006Uuql7ly1fv35a78tdvj30m80l5n0r.jpg,https://wx1.sinaimg.cn/large/006STpZDly1fv35am2pxbg30m80qlh89.gif,https://wx4.sinaimg.cn/large/006RskvPly1fv35aoe4qtj30m80g2dis.jpg,https://wx2.sinaimg.cn/large/006Tz7gTly1fv35b75z9yj30m80icwho.jpg,https://wx4.sinaimg.cn/large/006PKYbKly1fv35b98h4pj30m80gxq5r.jpg,https://wx3.sinaimg.cn/large/006Uuql7ly1fv35bbf877j30m80jo78c.jpg",,,2018-09-09,政务直通车,3,2,5,,
4282415180758716,【“香港西九龙”高铁站已上线，北京出发约9小时直达，下周一车票开售】#美丽北京·民生#9月23日广深港高铁香港段将正式运营，这标志着内地高铁网延伸至香港，两地高铁实现互联互通。广深港高铁列车每天有多少趟？运行路线是怎样的？北京到香港坐高铁是多少钱？收藏分享～【消息】“香港西九龙”高铁站已上线，北京出发约9小时直达，下周一... ,,,,2018-09-09,政务直通车,20,15,10,美丽北京·民生,
4282400110070323,【北京城市副中心新设企业审批时间压缩至3天】#优化营商环境北京在行动#北京市工商行政管理局通州分局再度压缩新设企业的审批时间，办事人３天就可领到企业开办所需的营业执照、公章和发票～精简压缩内部程序，企业办照全程电子化，还有哪些登记便利措施，详戳↓ ,https://wx1.sinaimg.cn/large/902ace4bly1fv3fyyak3jj20cb0w9adz.jpg,,,2018-09-09,政务直通车,5,7,5,优化营商环境北京在行动,
4282385006578612,【致可爱的你：我们的8件小事】老师是一群你总赢不了的人，是我们成长的见证人，更是一群最可爱的人。 这些当时觉得很严厉的语句，不但伴随了我们的学生时代，更是每每想起就会泛起的蜜汁回忆。明天是教师节，记得给你的老师发个问候 ,"https://wx3.sinaimg.cn/large/006qcjJMly1fv32mztob7j30no0zitej.jpg,https://wx2.sinaimg.cn/large/006Uuql7ly1fv32n9yzw7j30no0zizqn.jpg,https://wx2.sinaimg.cn/large/006RskvPly1fv32ncs6dmj30no0zi44h.jpg,https://wx4.sinaimg.cn/large/006Uuql7ly1fv32nfy84aj30no0zi44i.jpg,https://wx3.sinaimg.cn/large/006QGn5Mly1fv32nivvo3j30no0ziwku.jpg,https://wx2.sinaimg.cn/large/006RQJG2ly1fv32nlp6bhj30no0ziq8r.jpg,https://wx3.sinaimg.cn/large/006RskvPly1fv32notkp1j30no0zi44y.jpg,https://wx3.sinaimg.cn/large/006Uuql7ly1fv32nrq41pj30no0ziag3.jpg,https://wx1.sinaimg.cn/large/006RQJG2ly1fv32nuzfy9j30no0zi0zk.jpg",,,2018-09-09,政务直通车,12,3,9,,
4282369903250519,【袁隆平获得未来科学大奖，说了这样一句话】9月8日，第三届未来科学大奖在京揭晓。袁隆平与李家洋、张启发分享生命科学奖。未来科学奖生命科学奖奖项委员会主席骆利群与获奖者现场连线，刚刚度过88岁生日的袁隆平说：这是对我的鼓励和鞭策，在接下来的研究中要更上一层楼！三大奖项获奖评语，详戳↓ ,"https://wx3.sinaimg.cn/large/006SCn62ly1fv3baipkeoj30j616ldn6.jpg,https://wx3.sinaimg.cn/large/006T835hly1fv3balqc3mj30j616ln45.jpg,https://wx1.sinaimg.cn/large/006Tpvr1ly1fv3bap2z0cj30j60y3ag3.jpg,https://wx2.sinaimg.cn/large/006SCn62ly1fv3baskn2uj30j60aqt9w.jpg",,,2018-09-09,政务直通车,29,22,18,,
4282356061860135,【首批港澳台居民居住证发出！6天已有1376人申办，全市设304个受理点】#美丽北京·民生#9月1日起，《港澳台居民居住证申领发放办法》正式实施，为最大限度方便证件办理，本市城区户籍派出所和远郊区城镇地区户籍派出所设置了304个受理点，截至9月6日，本市已有1376人申请办理该证。 ...全文,,,,2018-09-09,政务直通车,5,2,4,美丽北京·民生,
4282327913811995,【用好Word中的Ctrl键 调格式不费力】①Ctrl+[ 缩小字号，Ctrl+] 扩大字号；②CTRL+L 左对齐，CTRL+E 居中，CTRL+R 右对齐，Ctrl+J 两端对齐；③Ctrl+2 设为双倍行距；④Ctrl+0：段前添加一行间距。 ,"https://wx4.sinaimg.cn/large/902ace4bgy1fv37nr08jmj20sg0sg7cl.jpg,https://wx2.sinaimg.cn/large/902ace4bgy1fv37nsv86pj20sg0sggtf.jpg,https://wx3.sinaimg.cn/large/902ace4bgy1fv37nvh9fej20sg0sgtgc.jpg,https://wx1.sinaimg.cn/large/902ace4bgy1fv37nybmj3j20sg0sgqab.jpg,https://wx3.sinaimg.cn/large/902ace4bgy1fv37o12q5nj20sg0sgwig.jpg,https://wx3.sinaimg.cn/large/902ace4bgy1fv37o3k9y3j20sg0sggty.jpg,https://wx4.sinaimg.cn/large/902ace4bgy1fv37o600boj20sg0sggsk.jpg,https://wx1.sinaimg.cn/large/902ace4bgy1fv37o95snnj20sg0sg7aw.jpg,https://wx2.sinaimg.cn/large/902ace4bgy1fv37obctioj20sg0sgtg7.jpg",,,2018-09-09,微博 weibo.com,15,2,36,,
4282309505207885,【西城启动20处文物腾退】#美丽北京·文化#包括京报馆、五道庙、庆云寺等在内，西城区近期启动了6处文物腾退项目，年内将启动20项。腾退居民将定向安置到海淀上庄，丰台卢沟桥和高立庄3处保障房小区。 ,https://wx4.sinaimg.cn/large/902ace4bly1fv35kbzvhnj20es23skak.jpg,,,2018-09-09,政务直通车,8,9,3,美丽北京·文化,
4282279297139488,【运河古镇博物馆正式迎接市民】#美丽北京·文化#日前，全国首个镇级博物馆——张家湾博物馆正式面向市民开放。开馆首日，博物馆展出了镇馆之宝曹雪芹墓葬刻石、缩小版张家湾老城和通运桥、军粮密符扇等。 ,https://wx4.sinaimg.cn/large/902ace4bly1fv323gfcovj20es19htli.jpg,,,2018-09-09,政务直通车,11,2,5,美丽北京·文化,
4282264198773015,【沈家本故居对公众开放】#美丽北京·文化#位于西城区金井胡同的沈家本故居近日对公众免费开放。故居内常设展览，通过丰富史料反映清末著名法学家，历任刑部右侍郎、修订法律大臣并兼大理院正卿、法部右侍郎的沈家本的生平及成就。 ,https://wx2.sinaimg.cn/large/902ace4bly1fv30d0pu7mj20ef1u3wu9.jpg,,,2018-09-09,政务直通车,9,4,7,美丽北京·文化,
4282233990273123,【内心强大】#北京您好#今天周日，车辆不限行。天气多云，气温15℃-27℃。真正的内心强大，就是活在自己的世界里，而不是活在别人的眼中和嘴上。人生在世，无非是笑笑别人，然后再让别人笑笑自己。早安！ ,https://wx4.sinaimg.cn/large/902ace4bly1fv2ww4w8ljj20c80icq3f.jpg,,,2018-09-09,政务直通车,21,5,9,北京您好,
4280648560229306,【身体信号告诉你缺什么维生素】#晚安北京#明天升旗时间05:46，降旗时间18:41；明天天气晴转多云，气温19℃-30℃。经常性的唇、舌、口腔溃疡，视物模糊，皮肤粗糙等等，都是身体缺乏维生素的表现！怎样正确补充维生素戳图对照↓↓看看你缺哪一种，转给身边需要的人吧~ ,"https://wx1.sinaimg.cn/large/006Tmr7ely1fuxi42nk32j30c80gt0u2.jpg,https://wx2.sinaimg.cn/large/006PU9Dfly1fuxi46rpc1j30c80ht75r.jpg,https://wx4.sinaimg.cn/large/006PhUa1ly1fuxi49em64j30c80j8gnb.jpg,https://wx3.sinaimg.cn/large/006PU9Dfly1fuxi4copahj30c80cqmy2.jpg,https://wx2.sinaimg.cn/large/006PU9Dfly1fuxi4fetnnj30c80jswgc.jpg,https://wx1.sinaimg.cn/large/006PU9Dfly1fuxi4j0ib4j30c80eoab1.jpg,https://wx4.sinaimg.cn/large/006Tmr7ely1fuxi4lkv00j30c80jsmyx.jpg,https://wx2.sinaimg.cn/large/006PU9Dfly1fuxi4s0fazj30c80ibwg1.jpg,https://wx3.sinaimg.cn/large/006Tmr7ely1fuxi4v2f4kj30c80fs3zk.jpg",,,2018-09-04,政务直通车,45,5,82,晚安北京,
4280633461718107,【关于2018年中秋节放假安排的通知】 ,https://wx4.sinaimg.cn/large/902ace4bly1fuxt2o0hkcj20jq06wjsi.jpg,,,2018-09-04,政务直通车,4,3,3,,
4280618356873824,【遇“诈捐”可向法院申请支付令】#资讯#市法制办日前就《北京市促进慈善事业若干规定》征求意见，对于诈捐者，《规定》提出慈善组织可以提起诉讼或申请法院下达支付令。 ,https://wx1.sinaimg.cn/large/902ace4bly1fuxrc8brx1j20fa1g1jya.jpg,,,2018-09-04,政务直通车,1,2,0,资讯,
4280603270387050,【9月京郊最美旅行地！来一场说走就走的旅行】#美丽北京·乐活#不知不觉，2018年已经过去2/3了，年初旅行的小目标实现了吗？夹在暑假和国庆间的9月，大概是一年中最适合出行的月份了。无论你是想抓住夏日最后的尾巴，还是迫不及待想去感受初秋的绚丽，此时都有适合你的旅行地。 ,https://wx3.sinaimg.cn/large/902ace4bly1fuxpltr2rrj20dc9ore83.jpg,,,2018-09-04,政务直通车,35,9,34,美丽北京·乐活,
4280573055090756,【院士奖学金资助儿科医生培养】#资讯#目前国内儿科医生严重短缺，为鼓励更多青年医学生投身儿科事业，由中国红十字基金会推动的“院士博爱奖学金”项目，将计划筹款100万元，用于资助从事医学、特别是儿科事业的医学生。 ,https://wx4.sinaimg.cn/large/902ace4bly1fuxm4x7wzuj20ef0mi76p.jpg,,,2018-09-04,政务直通车,4,2,0,资讯,
4280562657137355,【故宫养心殿房梁上取出一个罕见宝匣，单霁翔兴奋宣布——】#美丽北京·文化#蓝天白云下，故宫博物院院长单霁翔与老院长郑欣淼相携，攀上养心殿屋顶，小心翼翼地将一个宝匣从正脊中央取出，交给故宫古建部副研究馆员徐超英。顾不上摘下白手套，单霁翔就兴奋地宣布：“这是故宫发现的第一个有彩绘的宝匣 ...全文,,,,2018-09-04,政务直通车,16,21,31,美丽北京·文化,
4280557972530097,【13类困难人群保费全额补贴】#美丽北京·民生#2019年度本市城乡居民基本医疗保险参保缴费已开始，将持续至今年11月30日。符合个人免缴费条件且继续参保的13类人员，市社保中心将与相关职能部门对接，由各部门统一将免缴人员名单提供给各社保经办机构，参保人员无须提交相关证件办理免缴资格验审手续。 ,https://wx1.sinaimg.cn/large/902ace4bly1fuxkekd53dj20es1bhdlb.jpg,,,2018-09-04,政务直通车,2,1,3,美丽北京·民生,
4280542852258393,【故宫养心殿正式启动修缮】#美丽北京·文化#根据故宫养心殿区域现状和保护计划，养心殿修缮包括遵义门内的养心殿、工字廊、后殿、梅坞等13座文物建筑及其附属的琉璃门等。修缮建筑面积约2540平方米。预计2020年6月30日前，养心殿将重焕昔日风采，迎客进殿。开放面积从曾经的30%扩大至80%，甚至90%。 ,https://wx2.sinaimg.cn/large/902ace4bly1fuxio1ijezj20dc3dc4qp.jpg,,,2018-09-04,政务直通车,11,3,13,美丽北京·文化,
4280527743476525,【120件文物国博展“大唐风华”】#美丽北京·文化#极尽工巧的何家村窖藏和法门寺地宫珍宝，展现唐代时尚风俗的壁上丹青和勒铭存记的墓志，表现胡风汉俗的三彩陶俑和多元共存的宗教文物……120件文物再现大唐盛世。其中，一件憨态可掬的彩绘黑人立俑，见证着自古中非的友好往来。展览详情↓ ,https://wx4.sinaimg.cn/large/902ace4bly1fuxgxkvuflj20es1jo4pb.jpg,,,2018-09-04,政务直通车,7,7,9,美丽北京·文化,
4280512677335229,【抗战胜利日抗战馆唱响“胜利歌”】9月3日，是中国人民抗日战争胜利纪念日。当天，“胜利歌声——纪念中国人民抗日战争胜利73周年抗战音乐展演活动”在中国人民抗日战争纪念馆序厅举行，演员与观众们合唱抗战歌曲。 ,https://wx1.sinaimg.cn/large/902ace4bly1fuxf7b4a9dj20dc1dpah8.jpg,,,2018-09-04,政务直通车,12,4,6,,
4280497535775280,【千余中外记者收看峰会开幕盛况】9月3日下午，#2018年中非合作论坛北京峰会#在人民大会堂举行开幕式，位于北京国际饭店的峰会新闻中心也迎来自试运营以来的使用高峰，千余名中外记者收看开幕式。 ,https://wx1.sinaimg.cn/large/902ace4bly1fuxdgp8le3j20es1cswsd.jpg,,,2018-09-04,政务直通车,2,3,2,2018年中非合作论坛北京峰会,
4280467341992934,【11个便民商业项目获政府补助】#美丽北京·民生#近日，市发改委公示今年市政府固定资产投资补助商业便民服务设施项目，其中11个项目符合支持条件，拟安排市政府固定资产投资补助。投资补助重点支持提供蔬菜零售、早餐、便利店、洗染、理发、家政服务、快递等基本便民商业服务及其配套服务项目建设。 ,https://wx2.sinaimg.cn/large/902ace4bly1fux9zu1mh4j20ee0pnjus.jpg,,,2018-09-04,政务直通车,2,3,5,美丽北京·民生,
4280452275441079,【赶紧“马住”！PPT演讲实用技巧大全】总结、答辩、考试都用得上！转存！ ,"https://wx4.sinaimg.cn/large/006SJpmPly1fuw56ykdh2j30m80m8wlr.jpg,https://wx4.sinaimg.cn/large/006TgVlyly1fuw56yvujkj30m80m80zj.jpg,https://wx1.sinaimg.cn/large/006L8usKly1fuw56xx6x7j30m80m8jy1.jpg,https://wx2.sinaimg.cn/large/006TkMC7ly1fuw56ymwdpj30m80m8gso.jpg,https://wx3.sinaimg.cn/large/006TgwrTly1fuw56zlifnj30m80m8n3r.jpg,https://wx4.sinaimg.cn/large/006TgYJaly1fuw56y2sb3j30m80m8n44.jpg,https://wx1.sinaimg.cn/large/006Tgv8yly1fuw56ze5jwj30m80m8gsh.jpg,https://wx2.sinaimg.cn/large/006TgwrTly1fuw56zna85j30m80m87b4.jpg,https://wx2.sinaimg.cn/large/006L8usKly1fuw56zml2ij30m80m80z2.jpg",,,2018-09-04,政务直通车,21,4,32,,
4280438123485580,【“北京服务”再亮金字招牌】昨天下午，#2018年中非合作论坛北京峰会#首场活动——中非领导人与工商界代表高层对话会暨第六届中非企业家大会刚刚落幕。继2014年APEC领导人会议周、“一带一路”国际合作高峰论坛后，国家会议中心服务保障团队带来的“北京服务”再次亮出了金字招牌，赢得一致好评。 ,https://wx4.sinaimg.cn/large/902ace4bly1fux6n1pwufj20dc1ow7ji.jpg,,,2018-09-04,政务直通车,10,11,11,2018年中非合作论坛北京峰会,
4280429596447656,【党员身份是一辈子的坚守】#党建声音#选择加入中国共产党，就是选择了信仰、选择了坚守、选择了奉献。党员身份不是一阵子的坚持，而是一辈子的坚守！ ,https://wx2.sinaimg.cn/large/902ace4bly1fux5nt43uuj20dc1aldlk.jpg,,,2018-09-04,政务直通车,12,8,26,党建声音,
4280422047211852,【严肃党内政治生活要从六个方面着力】#党建声音#严肃党内政治生活，是打造忠诚干净担当的执政骨干队伍、提高党的执政能力和执政水平的基础工程。新形势下，各机关党组织应从6个方面着力，在严肃党内政治生活上走在前头、作出表率。 ,https://wx3.sinaimg.cn/large/902ace4bly1fux4skgmooj20dc2ssas1.jpg,,,2018-09-04,政务直通车,12,5,25,党建声音,
4280414513892808,【在最美的年华，做最喜欢的事情】#北京您好#今天周二，车辆限行尾号4和9；天气晴，气温18℃-31℃。在最美的年华，做最喜欢的事情，别辜负了美好时光。借时光之手，暖一处花开，借一方晴空，拥抱梦想。新的一天，早安  ,https://wx4.sinaimg.cn/large/902ace4bly1fux3xfonjgj20xc0l9afk.jpg,,,2018-09-04,政务直通车,19,6,15,北京您好,
4276299901906243,【圆肩驼背的体态纠正训练】#晚安北京#明天升旗时间05:34，降旗时间18:59；天气晴转多云，气温20℃-30℃。4个徒手便捷动作，教你改善圆肩驼背、厚斜方，养成好的挺拔姿态及气质状态。转存，跟着做起来~网页链接 ,,,,2018-08-23,政务直通车,23,2,16,晚安北京,
4276284819945585,【北京周边这7家特色农场，是释放都市压力的好去处！去了你就不想回来！】#美丽北京·乐活#夏末秋初，正是最好的时节，平常每日待在写字楼里，如若周末再宅在家里太浪费光阴，周末逃离城市喧嚣，去城市周边体验原生态的野趣，小布向您介绍几个颜值爆表，体验感超赞的农场，让您的身心得到真正的放松！ ,https://wx3.sinaimg.cn/large/902ace4bly1fujxn06rn6j20db7gjb2b.jpg,,,2018-08-23,政务直通车,7,0,13,美丽北京·乐活,
4276269703066823,【阅读活动预告 08.24~08.30】#美丽北京·文化#第六十五期“京华讲坛”——北京城的水脉变迁、品味北京系列讲座——胶片•影像、低幼阅读与出版大会……品味北京、阅读分享、新书作者交流、历史文化对谈，新一期北京阅读季活动，周末带着快乐的心情与TA来参加吧～戳↓↓@北京阅读季 ,"https://wx1.sinaimg.cn/large/006T9kJsly1fujnq94a82j30gj0lfgs4.jpg,https://wx3.sinaimg.cn/large/006SCvYRly1fujnqefu5kj30gk0vyn6g.jpg,https://wx1.sinaimg.cn/large/006STpBVly1fujnqg0mtoj30gm14gh14.jpg,https://wx3.sinaimg.cn/large/006T9kJsly1fujnqgv25yj30gn0xzqeo.jpg,https://wx1.sinaimg.cn/large/006SSJInly1fujnqgplmgj30gl12pdt6.jpg,https://wx1.sinaimg.cn/large/006SSJInly1fujnqg1wghj30gl0yik3f.jpg,https://wx2.sinaimg.cn/large/006TjZL6ly1fujnqfpe1vj30gp154ncb.jpg,https://wx4.sinaimg.cn/large/006Tz8dBly1fujnqgagmnj30go0tlakx.jpg,https://wx2.sinaimg.cn/large/006SSJInly1fujnqhkm1cj30gn0rjn86.jpg",,,2018-08-23,政务直通车,3,3,0,美丽北京·文化,北京阅读季
4276254666189318,【地铁施工首用全自动无人监测系统】#美丽北京·创新#正在建设的地铁12号线和平西桥站，采用了全自动化无人监测系统，这在全国地铁施工项目中还是第一次尝试。新系统的应用将有利于地铁施工安全、高效进行。 ,https://wx3.sinaimg.cn/large/902ace4bly1fuju6cqc6mj20d81h8h1y.jpg,,,2018-08-23,政务直通车,4,11,2,美丽北京·创新,
4276239504074483,【京津冀4000余名各民族运动员聚首石景山】8月18日到8月23日，北京市第十届民族传统体育运动会各项赛事在石景山区进行，本市16个区及天津市、河北省均组团参加，共有来自22个民族的4000余名运动员参赛。 ,https://wx4.sinaimg.cn/large/902ace4bly1fujsfntmdhj20er2s11kx.jpg,,,2018-08-23,政务直通车,1,3,0,,
4276224400421070,【973米东沟长城古法修缮 】#美丽北京·文化#东沟长城始建于明代，由于年代久远，部分墙体坍塌损毁严重。为此，文物部门对长达973米的东沟长城进行抢险修缮。施工人员介绍，修缮的城砖生产沿用了古代传统方法，经过踩泥、搬泥垛、扣砖坯、上架阴干等多道工序烧制而成，更好地还原长城的历史风貌。 ,https://wx3.sinaimg.cn/large/902ace4bly1fujqp7s6smj20dc1nfh2u.jpg,,,2018-08-23,政务直通车,6,4,0,美丽北京·文化,
4276209317646678,【转存！18个实用PPT演讲技巧】①10-20-30原则：PPT不超10张，演讲不超20分钟，字体大于30号 ②有趣些 ③放慢速度 ④眼神交流 ⑤15个词总结想法 ⑥不要读幻灯片 ⑦可加入小故事……18个实用PPT演讲技巧，答辩、考试、工作总结、升职都用得上！转！ ,"https://wx4.sinaimg.cn/large/006SSK30ly1fuibqvfifoj30ku0xi7eh.jpg,https://wx2.sinaimg.cn/large/006T2jiSly1fuibqvvj68j30ku0xiqcn.jpg,https://wx3.sinaimg.cn/large/006T2jiSly1fuibqv5ofrj30ku0xi48f.jpg,https://wx1.sinaimg.cn/large/006T2jiSly1fuibqwhw79j30ku0xiwpb.jpg,https://wx4.sinaimg.cn/large/006SSK30ly1fuibqx5v11j30ku0xial2.jpg,https://wx2.sinaimg.cn/large/006StnJZly1fuibqx3g7pj30ku0xidpo.jpg,https://wx3.sinaimg.cn/large/006SSK30ly1fuibqw4cqrj30ku0xithq.jpg,https://wx1.sinaimg.cn/large/006QFKDfly1fuibqx42mbj30ku0xik12.jpg,https://wx3.sinaimg.cn/large/902ace4bly1fukj3ezkmrj20ku0xi0xc.jpg",,,2018-08-23,政务直通车,15,6,19,,
4276194306781372,【首钢冬训中心“第四块冰”十一月竣工】#聚焦2022年北京冬奥#在首钢冬奥训练中心，“第四块冰”冰球馆目前也进入最后施工阶段，整体工程将于11月底竣工，12月完成冰面制冰后，将在明年1月的比赛中首次对外亮相。 ,https://wx4.sinaimg.cn/large/902ace4bly1fujn8sjcflj20dc2cqapj.jpg,,,2018-08-23,政务直通车,5,8,6,聚焦2022年北京冬奥,
4276179140342718,【核心区892条背街小巷变靓了】#美丽北京·民生#市城管委数据显示，截至目前，核心区有1993条背街小巷启动环境整治提升工作，基本完成892条。市统计局开展的民意调查中，逾9成受访居民对背街小巷整治提升行动表示支持和充满信心，8成以上对背街小巷整治提升成效总体表示满意。 ,https://wx3.sinaimg.cn/large/902ace4bly1fujli2wa07j20er38ib29.jpg,,,2018-08-23,政务直通车,4,6,9,美丽北京·民生,
4276163985204139,【这些字经常被读错！你读对了吗？】你的汉语拼音过关吗？这些经常被读错的字，你读对了吗？读错请转发！ ,"https://wx1.sinaimg.cn/large/006pINnLly1fuibtjnjsqj30m80oggtw.jpg,https://wx1.sinaimg.cn/large/006StnJZly1fuibtjtg20j30m80oggtl.jpg,https://wx4.sinaimg.cn/large/006pINnLly1fuibtlin82j30m80og7cl.jpg,https://wx4.sinaimg.cn/large/006U63Kgly1fuibtkq1yyj30m80ogn5f.jpg,https://wx1.sinaimg.cn/large/006U16vhly1fuibtkb6b3j30m80ogn5b.jpg,https://wx3.sinaimg.cn/large/006StnJZly1fuibtjm1awj30m80ogai9.jpg,https://wx2.sinaimg.cn/large/005spScFly1fuibtlh4ghj30m80ogtgx.jpg,https://wx3.sinaimg.cn/large/006T2jiSly1fuibtm5jvqj30m80og7ci.jpg,https://wx3.sinaimg.cn/large/006StnJZly1fuibtlvy7uj30m80ogqb1.jpg",,,2018-08-23,政务直通车,12,5,27,,
4276156431173858,【6分钟动画，新高考方案全掌握】#教育#《北京市深化高等学校考试招生制度综合改革实施方案》正式发布，一个动画带你了解关于新高考方案的全部内容↓↓ 北京市教委的秒拍视频 ,,"http://f.us.sinaimg.cn/0001tJJTlx07n36PT1cY010402012Exw0k010.mp4?label=mp4_720p&template=1280x720.28&Expires=1566187231&ssig=op7Clj%2BrqI&KID=unistore,video",,2018-08-23,政务直通车,11,7,42,教育,
4276148886711736,【干货满满，北京市新高考方案！】#教育#由北京市教育委员会制定的《北京市深化高等学校考试招生制度综合改革实施方案》刚刚发布！让小布带您一起，快速了解有哪些调整及新举措！戳↓网页链接 ,,,,2018-08-23,政务直通车,4,9,4,教育,
4276133811604076,【户外音乐会汇聚奥林匹克公园】#美丽北京·文化#9月7日至10日，2018奥林匹克公园音乐季将在国家体育馆南广场拉开帷幕，上演四场不同主题的音乐会。 ,https://wx2.sinaimg.cn/large/902ace4bly1fujgaof11xj20fa0qbq63.jpg,,,2018-08-23,政务直通车,12,4,7,美丽北京·文化,
4276118725267480,【今日处暑，暑气至此而止矣】今日12时09分处暑。①处，去也，暑气至此而止矣；②此时节白天热、早晚凉、温差大，北方秋高气爽，南方需小心“秋老虎”；③处暑后，人常有疲惫感，即“秋乏”，需保证充足睡眠，饮食清淡，适当做些有氧运动；④秋意渐浓，是畅游登高的好时节。你舍得和夏天说拜拜吗？  ,"https://wx2.sinaimg.cn/large/006SSK30ly1fuibojfa64j30go0goqa8.jpg,https://wx2.sinaimg.cn/large/005spScFly1fuiboiw434j30go0gogr6.jpg,https://wx1.sinaimg.cn/large/006Toeyply1fuiboj6kzqj30go0gowjp.jpg,https://wx3.sinaimg.cn/large/006PUgxyly1fujekabbr5j30go0gowjv.jpg,https://wx2.sinaimg.cn/large/006QFKDfly1fuiboj7ok5j30go0goaek.jpg,https://wx2.sinaimg.cn/large/006SSK30ly1fuibokkz5rj30go0godmg.jpg,https://wx1.sinaimg.cn/large/006T92KRly1fuibojvrrtj30go0gowld.jpg,https://wx4.sinaimg.cn/large/006T92KRly1fuibok1gs7j30go0gowjj.jpg,https://wx4.sinaimg.cn/large/006Toeyply1fuibokne2kj30go0go79w.jpg",,,2018-08-23,政务直通车,15,4,13,,
4276103621077479,【国务院大督查第一督查组来京督查】#聚焦北京#国务院近期部署开展大督查工作。昨天下午，国务院大督查第一督查组来京督查，市委书记蔡奇，市委副书记、市长陈吉宁与督查组组长、工业和信息化部副部长辛国斌座谈。 ,https://wx3.sinaimg.cn/large/902ace4bly1fujctuj1lej20er1k9ajr.jpg,,,2018-08-23,政务直通车,58,447,171,聚焦北京,
4276065868430700,【香辣爽口辣子鸡】#北京您好#今天周四，车辆限行尾号1和6；天气多云，气温20℃-30℃。香辣爽口，成菜色泽棕红油亮，麻辣味浓。咸鲜醇香，略带回甜，开胃又下饭！尝一口根本停不下来！好吃到爆，赶紧转发学起来吧~（美食菜谱家常菜做法）早安 ,"https://wx2.sinaimg.cn/large/006pIXMOly1fuigezvk51j30e60cqdjv.jpg,https://wx3.sinaimg.cn/large/006Rskbfly1fuigf2ox4nj30e60c2wgp.jpg,https://wx2.sinaimg.cn/large/006T9hHRly1fuigf5dzqkj30e60c2q58.jpg,https://wx3.sinaimg.cn/large/006KI5Fdly1fuigf84sfnj30e60c2di3.jpg,https://wx4.sinaimg.cn/large/006pEuF0ly1fuigfeikepj30e60c2n0b.jpg,https://wx4.sinaimg.cn/large/006T9hHRly1fuigfj3el0j30e60c2n0h.jpg,https://wx4.sinaimg.cn/large/006pEuF0ly1fuigfn0w4oj30e60c242p.jpg,https://wx2.sinaimg.cn/large/006TQpSJly1fuigfq0wmwj30e60c2q6p.jpg,https://wx3.sinaimg.cn/large/006pEuF0ly1fuigfsmi0nj30e60c2n10.jpg",,,2018-08-23,政务直通车,30,9,41,北京您好,
4257455725050010,【职场新人看过来！复印+传真+扫描，速学超实用办公技能】#晚安北京#明天升旗时间04:50，降旗时间19:47；天气雷阵雨转多云，气温24℃~32℃。刚入职，需要复印一沓文件，发个传真，不明白怎么操作又怕问多了招人烦？别愁！收发传真，扫描文件，手动双面复印，处理复印机卡纸…手把手教你解决↓↓ ,"https://wx1.sinaimg.cn/large/006pvwpKly1fsvi3xtmlej30dw28yh29.jpg,https://wx2.sinaimg.cn/large/006Tpi72ly1fsvi3yep42j30dw28yh29.jpg,https://wx1.sinaimg.cn/large/006TQmAjly1fsvi3xshwwj30dw19zn5p.jpg,https://wx4.sinaimg.cn/large/006TQmAjly1fsvi3xa8q8j30dw17bq99.jpg,https://wx1.sinaimg.cn/large/006Tpjujly1fsvi3xsvp0j30dw0dw0ux.jpg,https://wx3.sinaimg.cn/large/ebe7b52fly1fsvi4aumf2j20dw1mbdpg.jpg,https://wx1.sinaimg.cn/large/006UuuR1ly1fsvi3ygn4mj30dw0qztdo.jpg,https://wx2.sinaimg.cn/large/006Tpi72ly1fsvi402a38j30dw1bb7ca.jpg,https://wx2.sinaimg.cn/large/006Tpi72ly1fsvi3zn6wtj30dw24mtk1.jpg",,,2018-07-02,政务直通车,19,3,22,晚安北京,
4257440624679522,【北京专项查处违规销售电动车 首日查扣104辆】#聚焦北京#从7月1日起，北京市违规销售电动车专项治理行动进入了执法检查阶段。北京市工商局对全市销售电动车的经营者开展集中执法检查，对线上线下违规销售电动车行为进行查处。首日，执法人员共检查电动车经营主体1403户，当场关停无照经营 64户，发现 ...全文,,,,2018-07-02,政务直通车,13,14,8,聚焦北京,
4257418156441469,【访谈直播】#市民对话一把手#访谈直播第一期：市发展改革委“一把手”和市政协委员将就“四个提升·擘画古都新篇”的话题进行解读与交流。欢迎关注~ 北京发布的微博直播 . ,,,,2018-07-02,微博网页版,29,1,3,市民对话一把手,
4257410409230614,【“#市民对话一把手#·提案办理面对面”启动，6部门“一把手”对话政协委员】“市民对话一把手·提案办理面对面”系列直播访谈节目将于今天晚上7:30与广大市民见面，市发展改革委、市文物局、市环保局等部门的6位“一把手”连续5天将就疏解整治促提升、北京中轴线申遗保护、打好污染防治攻坚战、优化营 ...全文,"https://wx2.sinaimg.cn/large/902ace4bly1fsvl5fj4evj20dc0svwhk.jpg,https://wx4.sinaimg.cn/large/902ace4bly1fsvqfacfbtj20rw0g8tbl.jpg",,,2018-07-02,微博 weibo.com,3,1,5,市民对话一把手,
4257402876032428,【一图读懂】这一年，北京党员党组织发展又有新特点！#纪念建党97周年#【一图读懂】这一年，北京党员党组织发展又有新特点！ ,,,,2018-07-02,政务直通车,9,1,1,纪念建党97周年,
4257395317737631,【北京文艺日历07.02~07.08 】#美丽北京·文化#江口沉银——四川彭川江口古战场遗址考古成果展、“时光之弦”柏林爱乐十二把大提琴音乐会、“美美与共”中国美术馆藏国际艺术作品展、电影《我不是药神》……本周文化活动多多，总有一款适合你哦~北京文艺日历07.02~07.08 | 美丽北京·文化 ,,,,2018-07-02,政务直通车,5,3,1,美丽北京·文化,
4257380247855448,【新机场线三大站点效果图首次公布！】#资讯#随着最后一仓混凝土浇筑完成，新机场线一期工程磁各庄车站的主体结构29日顺利封顶，这是继新机场北航站楼站之后全线3座车站中第二座封顶的车站，目前草桥站正在加快实施中，新机场线已进入工程建设冲刺阶段。 ,https://wx1.sinaimg.cn/large/902ace4bly1fsvmh95m5rj20dc3ojkjm.jpg,,,2018-07-02,资讯超话,18,2,10,资讯,
4257365123480914,【手机流量漫游费今起取消】#资讯#从7月1日开始，手机国内流量漫游费时代正式终结。移动、电信、联通新老手机用户省内通用流量升级为国内流量（不含港澳台流量）。这是继去年9月1日三大电信运营商全面取消手机国内长途费、漫游费之后的又一次重大提速降费举措。央视网的微博视频 ,,"http://locallimit.us.sinaimg.cn/004nEUO6lx07lGNlBotq01040200fgfm0k010.mp4?label=mp4_hd&template=600x480.25&Expires=1566187285&ssig=RErcuaEUL1&KID=unistore,video",,2018-07-02,资讯超话,10,10,14,资讯,
4257350891860736,【常乐坊城市森林开园啦】#美丽北京·民生#昨天，西城区广外街道的常乐坊城市森林开园！根据规划，包括常乐坊城市森林在内，今年全市总计要建设城市森林21处，16个区每个区至少1处。“小森林”不仅改善生态，还为市民送去了绿荫清风 ,"https://wx4.sinaimg.cn/large/006RQKzily1fsv9r19c85j30eb1q8tfd.jpg,https://wx2.sinaimg.cn/large/006TpvG9ly1fsv9sa0p76j30nm0e3wje.jpg,https://wx2.sinaimg.cn/large/006U60irly1fsv9semzftj30b407u78k.jpg",,,2018-07-02,政务直通车,3,1,2,美丽北京·民生,
4257334970466600,【超实用！2018年7-12月考试日历】不知不觉2018年已过去一半，上半年里你完成了哪些目标？get了哪些技能？接下来的几个月，你还有考试吗？会计职称考试、司法考试、计算机等级考试、英语四六级、国考，还有每个月的托福、雅思……记下这些重要考试时间↓现在有多努力，未来就有多幸运！转存！ ,"https://wx3.sinaimg.cn/large/006TgyEUly1fsv92kbyu2j30go0goq74.jpg,https://wx2.sinaimg.cn/large/006PUf08ly1fsv92k4189j30go0godjz.jpg,https://wx2.sinaimg.cn/large/006PUf08ly1fsv92jwp2fj30go0go43c.jpg,https://wx1.sinaimg.cn/large/006pxKsmly1fsv92knu8tj30go0go43d.jpg,https://wx1.sinaimg.cn/large/006PUf08ly1fsv92k54kfj30go0gon1t.jpg,https://wx3.sinaimg.cn/large/006Tr0Mqly1fsv92jv7u2j30go0go0ww.jpg,https://wx2.sinaimg.cn/large/006pxKsmly1fsv92kppqzj30go0gojw6.jpg,https://wx3.sinaimg.cn/large/006Tr1i9ly1fsv92ky9zij30go0gotd3.jpg,https://wx1.sinaimg.cn/large/006pxKsmly1fsv92l7pirj30go0goq82.jpg",,,2018-07-02,政务直通车,12,1,20,,
4257319825144871,【你的公积金可能有新变化！九图读懂公积金那些事儿】7月起，全国多地将调整住房公积金缴存基数、缴存比例和月缴存限额。交了这么多年，你知道公积金该怎么用吗？调整后的公积金会如何变动？怎样查询是否调整？还有哪些“隐藏技能”？九图了解↓↓别让你的公积金在账上“睡大觉”，转发周知！ ,"https://wx4.sinaimg.cn/large/006TgyEUly1fsv90pw3i5j30dw0doq5p.jpg,https://wx3.sinaimg.cn/large/006TMJrUly1fsv90pz6bcj30dw0gl0vv.jpg,https://wx2.sinaimg.cn/large/006U1dholy1fsv90qkqw3j30dw0hgjut.jpg,https://wx4.sinaimg.cn/large/006Tr0Mqly1fsv90q8i00j30dw0f677a.jpg,https://wx2.sinaimg.cn/large/006Tr4eKly1fsv90qc9eaj30dw0hqdj6.jpg,https://wx3.sinaimg.cn/large/006PUf08ly1fsv90qbpuyj30dw0eagnq.jpg,https://wx1.sinaimg.cn/large/006RXzOSly1fsv90qtlkcj30dw0hqgpi.jpg,https://wx3.sinaimg.cn/large/006TMJrUly1fsv90qkz7cj30dw0nm0ya.jpg,https://wx3.sinaimg.cn/large/006U1dholy1fsv90qoebqj30dw0kajvn.jpg",,,2018-07-02,政务直通车,19,5,53,,
4257305123925615,【本市各社区掀起“周末大扫除”热潮】#聚焦北京#6月30日，适逢周末、月末，又是“七一”前夕，各街乡、社区积极行动起来，掀起“周末大扫除”热潮。 ,https://wx4.sinaimg.cn/large/902ace4bly1fsvdun4f2uj20dc26uaqm.jpg,,,2018-07-02,政务直通车,7,2,1,聚焦北京,
4257267505305542,【加长版“复兴号”暑运首日满员出发】#聚焦北京#从昨天起，2018年暑运开始。昨天10时，北京南到上海虹桥的G7次高铁动车从北京南站15站台准点满员出发。这也是7月1日铁路调图后，正式运行出发的加长版“复兴号”列车。 ,"https://wx3.sinaimg.cn/large/006Qe8tXly1fsv2xvff04j30es1pkqa3.jpg,https://wx3.sinaimg.cn/large/006T9Amply1fsv2y79yi8j30b407gq6c.jpg,https://wx4.sinaimg.cn/large/006Toeykly1fsv2y8ic5zj30b407e770.jpg",,,2018-07-02,政务直通车,15,4,3,聚焦北京,
4257244365219066,【本市2018年六项社会保障待遇标准调整 企退人员养老金人均月增210元 】#聚焦北京#市人力社保局公布本市2018年企业退休人员养老金调整方案。调整后，企退人员养老金月人均近4000元，同比上年每月人均增加210元。补发款将于7月15日发放到全市248万企业退休人员账户中。 ,https://wx4.sinaimg.cn/large/902ace4bly1fsv6vfjlzwj20es26g12s.jpg,,,2018-07-02,政务直通车,10,6,24,聚焦北京,
4257221736517642,【转给家人！这些药品不能一起服用！】#北京您好#今天周一，车辆尾号限行4和9，天气多云转晴，气温23℃~32℃。关于安全用药，你知道多少？感冒药、退烧药和镇痛药同服会造成肝损伤；感冒药和降压药一起吃容易影响血压…药品搭配禁忌↓↓转给你关心的TA！ ,"https://wx3.sinaimg.cn/large/006TgAi4ly1fsu47jecmhj30dw0dwmzz.jpg,https://wx2.sinaimg.cn/large/006TqWg8ly1fsu47n2posj30dw0dw76q.jpg,https://wx1.sinaimg.cn/large/006T946ply1fsu47q9gwtj30dw0dwtbj.jpg,https://wx4.sinaimg.cn/large/006T946ply1fsu48pulvtj30dw0dwq5b.jpg,https://wx2.sinaimg.cn/large/006PUatIly1fsu48t8ol2j30dw0dwdi1.jpg,https://wx1.sinaimg.cn/large/006TqWg8ly1fsu48wiyckj30dw0dwac9.jpg,https://wx4.sinaimg.cn/large/006TqWg8ly1fsu490eug1j30dw0dwwgn.jpg,https://wx1.sinaimg.cn/large/006pIKDwly1fsu494rxwzj30dw0dwmzr.jpg,https://wx2.sinaimg.cn/large/006PU9ncly1fsu498ck90j30dw0dwwh8.jpg",,,2018-07-02,政务直通车,69,18,183,北京您好,
4247308890076696,【#2018高考倒计时#230个常见错别字，赶紧抄进错题本】#晚安北京#明天升旗时间04:47，降旗时间19:39；明天多云，气温25℃~38℃。高考竞争激烈，往往细节决定成败。“一筹莫展”还是“一愁莫展”？“迫不及待”还是“迫不急待”？“不省人事”还是“不醒人事”？230个常见错别字↓转需！ ,"https://wx1.sinaimg.cn/large/006PvVrWly1frzhsohyxqj30dw0i5tcm.jpg,https://wx4.sinaimg.cn/large/006SCwksly1frzhsp74x3j30dw0i542g.jpg,https://wx2.sinaimg.cn/large/006SCwksly1frzhspmg1qj30dw0i5n13.jpg,https://wx4.sinaimg.cn/large/006TgBg5ly1frzhspw2v3j30dw0i5wif.jpg,https://wx4.sinaimg.cn/large/006PyzePly1frzhsqda2dj30dw0i5jv8.jpg,https://wx4.sinaimg.cn/large/006T9k2Rly1frzhsqtx0uj30dw0i5425.jpg,https://wx4.sinaimg.cn/large/006T9k2Rly1frzhsre8wuj30dw0h9adf.jpg,https://wx2.sinaimg.cn/large/006PvVrWly1frzhssbiy1j30dw0i5ado.jpg,https://wx4.sinaimg.cn/large/006T9k2Rly1frzhssppauj30dw0i5wie.jpg",,,2018-06-04,晚安北京超话,15,8,29,"2018高考倒计时,晚安北京",
4247293765385352,【围观！2018年向全国青少年推荐百种优秀出版物名单揭晓】#资讯#近日，国家新闻出版署公布了2018年向全国青少年推荐百种优秀出版物目录。具体都推荐了哪些优秀出版物呢？一起来看↓↓围观！2018年向全国青少年推荐百种优秀出版物名单揭晓 ,,,,2018-06-04,政务直通车,3,0,6,资讯,
4247278657170079,【北京文艺日历】#美丽北京·文化#创造的力量——美国19世纪专利模型展、北京当代芭蕾舞团《风声鹤唳》、戏剧《特殊病房》、铁笔生花——故宫博物院藏吴昌硕书画篆刻特展、“祝您愉快”纪念黄家驹25周年演唱会……本周文化活动多多，总有一款适合你哦~美丽北京·文化 | 北京文艺日历 06.04~06.10 ,,,,2018-06-04,政务直通车,0,0,0,美丽北京·文化,
4247263552805125,【重磅！下月起北京全面禁售违规电动车】#聚焦北京#市工商局已于近日会同市质监局、市公安交管局、市公安消防局联合约谈本市大中型电动车经销商及部分销售门店代表，就电动车生产、销售、行驶、销售场所消防安全等方面问题进行规范指导。下月起，对仍在违规销售电动车的商户，工商部门将依法严厉查处。 ...全文,,,,2018-06-04,政务直通车,27,30,22,聚焦北京,
4247248458316901,【好听！学生改编歌曲《我的天空》为高考生加油 】@武昌理工学院 的学生改编歌曲《我的天空》，为即将参加高考的考生们加油打气。“原来告别的终点，就是我的新起点。只要我还有梦，就一定会成功。”祝福都在歌里，转，#高考，加油#！武昌理工学院的秒拍视频 ,,http://gslb.miaopai.com/stream/1MxBM1yw3Lbwt11gX9dMt8TKKxQSs2fUfkhYDQ__.mp4?yx=&refer=weibo_app&vend=weibo&label=mp4_720p&mpflag=32,,2018-06-04,政务直通车,14,2,11,高考，加油,武昌理工学院
4247233383556434,【定点医疗机构达9280家！九图读懂跨省异地就医直接结算】#资讯#近日，人社部发布消息，截至4月30日，我国跨省异地就医定点医疗机构已达9280家，实现异地就医直接结算40.3万人次。哪些人可以申请异地就医直接结算？怎样办理异地就医备案手续？跨省就医医保如何结算？…戳图了解↓↓与你有关，转发！ ,"https://wx4.sinaimg.cn/large/006UrA9Ely1fryxcjkabyj30dw0dwdiz.jpg,https://wx1.sinaimg.cn/large/006UrA9Ely1fryxck6y1dj30dw0qrgq4.jpg,https://wx2.sinaimg.cn/large/006U1ixIly1fryxcjww53j30dw0r0450.jpg,https://wx1.sinaimg.cn/large/006TgJ0Lly1fryxcjupd0j30dw0dwq5p.jpg,https://wx1.sinaimg.cn/large/006pIbxnly1fryxck23z2j30dw0dw0uf.jpg,https://wx2.sinaimg.cn/large/006pPxQwly1fryxckkfmtj30dw0kuq8n.jpg,https://wx3.sinaimg.cn/large/006Txmkkly1fryxckbiiij30dw0ej0wg.jpg,https://wx4.sinaimg.cn/large/006qjjnaly1fryxckrq0cj30dw0et42c.jpg,https://wx2.sinaimg.cn/large/006UrA9Ely1fryxckseojj30dw0du41w.jpg",,,2018-06-04,政务直通车,7,2,27,资讯,
4247216279133372,【故宫新变化！紫禁城金三角展区形成】#美丽北京#昨天，故宫博物院文华殿结束近十年的陶瓷馆历史，以书画馆身份亮相，揭幕展是“吴昌硕书画篆刻特展”。从此，北有雁翅楼为功能最全展区、东有文华殿展示墨宝、西有武英殿展出陶瓷，紫禁城金三角展区形成。 ,https://wx3.sinaimg.cn/large/902ace4bly1frz75vsr5oj20ef1kk4fl.jpg,,,2018-06-04,政务直通车,0,2,2,美丽北京,
4247206259124334,【汛期来临！家里有小孩的，请千万注意这个问题！】#2018北京防汛#溺水是造成中小学生意外死亡的第一杀手。临近暑假，家里有中小学生的家长请注意，务必增强安全意识和监护意识，防止发生意外。暑期临近，家里有小孩的，请千万注意这个问题！ ,,,,2018-06-04,政务直通车,2,1,13,2018北京防汛,
4247201163171814,【关注！医保报销新变化 三项临床用血纳入医保报销范围】#美丽北京·民生#@北京12333 近日印发通知，将“冰冻解冻去甘油红细胞”“混合浓缩血小板”“混合去白细胞浓缩血小板”三项临床用血项目纳入北京市基本医疗保险、工伤保险报销范围。 ,https://wx2.sinaimg.cn/large/902ace4bly1frz5feh9sej20es0pkgwa.jpg,,,2018-06-04,政务直通车,1,0,1,美丽北京·民生,北京12333
4247186088179816,【厉害啦反诈中心一年为市民止损20亿！】#聚焦北京#反电信诈骗中心，是本市针对电信诈骗而专门成立的机构，仅去年一年，就为市民止损近20个亿。 ,https://wx2.sinaimg.cn/large/902ace4bly1frz3p26csbj20fa1odx1e.jpg,,,2018-06-04,政务直通车,6,3,6,聚焦北京,
4247163792478304,【7018米！中国科学家“向地球深部进军”】继“神舟”上天、“蛟龙”下海之后，中国科学家在地球深部的探索又迎来历史性突破。2日，吉林大学主要承担研发的“地壳一号”万米钻机正式宣布完成“首秀”：完钻井深7018米，创造了亚洲国家大陆科学钻井新纪录，标志着我国成为继俄罗斯和德国之后，世界上第 ...全文,,"http://f.us.sinaimg.cn/001K4QjWlx07kLnue9DW01040200c0Wj0k010.mp4?label=mp4_hd&template=480x360.25&Expires=1566187312&ssig=KfUGHQuZf5&KID=unistore,video",,2018-06-04,政务直通车,14,7,9,,
4247132686365192,【2万件馆藏、神秘特藏库......北京市档案馆邀你来探馆，约吗？】#资讯#北京市档案馆将于6月7日至15日期间开放2万多件新中国成立后档案，并于9日当天限量开放特藏库，观众提前预约后可入库近距离欣赏“500岁诰命”、三份申奥报告等难得一见的珍贵档案。2万件馆藏、神秘特藏库......北京市档案馆邀你来探馆，约吗？ ,,,,2018-06-04,政务直通车,9,3,9,资讯,
4247119851880358,【好消息！亦庄又要新添两座城市公园啦！】亦庄将在五环路亦庄桥和康化桥附近新添两座城市公园，总计面积超过9万平米，相当于200多个篮球场！再加上此前已经建成的亦庄企业文化园和凉水河绿道，还有不远处的南海子公园，走出楼门就进森林，真的不是梦！  ,"https://wx3.sinaimg.cn/large/006TfN6Wly1frxqo2ifx6j30c8080q3n.jpg,https://wx1.sinaimg.cn/large/006TQpSJly1frxqo2mi16j30c807v3yy.jpg,https://wx3.sinaimg.cn/large/006TogAYly1frxqo2u5k7j30c808m762.jpg,https://wx3.sinaimg.cn/large/006SJreUly1frxt44vz2kj30c807w75o.jpg,https://wx4.sinaimg.cn/large/006TlxPFly1frxt48oj38j30c807tq4j.jpg,https://wx2.sinaimg.cn/large/006TxdH4ly1frxt48stw6j30c807zgmy.jpg,https://wx1.sinaimg.cn/large/006SJreUly1frxt48ryhvj30c807xaaq.jpg,https://wx2.sinaimg.cn/large/006TxdH4ly1frxt48s0tcj30c806hwf5.jpg,https://wx4.sinaimg.cn/large/006TlxPFly1frxt48u0uaj30c8077acj.jpg",,,2018-06-04,政务直通车,18,7,11,,
4247098050383337,【京城唯一南北向胡同群整治后亮相】#美丽北京#依古河道走势而建，曾坐落上百家会馆，当年“京漂”聚集地……东城区老城复兴计划又出新成果——草厂文保区整治即将完工，本月底亮相。这是京城唯一一片南北走向胡同群，整治后将恢复清末民国时期风貌。 ,https://wx3.sinaimg.cn/large/902ace4bly1frytl2c52gj20fa2h2h3l.jpg,,,2018-06-04,政务直通车,3,0,2,美丽北京,
4247089921366574,【成为正式党员要经过哪些程序】#党建声音#党章第五条规定，发展党员必须严格履行以下手续：“申请入党的人，要填写入党志愿书，要有两名正式党员作介绍人，要经过支部大会通过和上级党组织批准，并且经过预备期的考察，才能成为正式党员。”根据这些规定，入党申请人要经过以下程序才能成为正式党员： ,https://wx1.sinaimg.cn/large/902ace4bly1frysngywbzj20dc1avafm.jpg,,,2018-06-04,政务直通车,22,12,40,党建声音,
4247074826456879,【新的一周，加油！】#北京您好#今天周一，车辆限行尾号4和9；天气多云，气温20℃~34℃。有些事情，现在不去做，以后很有可能永远也做不了——不是没时间，恰恰是因为有时间，你才会一拖再拖，任凭风吹雨打，铺上厚厚的灰尘。而你终将遗忘曾经想要做的事、想要说的话、想要抓住的人。新的一周，加油~ ,https://wx4.sinaimg.cn/large/902ace4bly1fryqx21f70j20dw08odgb.jpg,,,2018-06-04,政务直通车,26,2,7,北京您好,
4240423519894704,【跑步减肥别瞎跑！一段视频告诉你什么跑速适合你】#晚安北京#明天升旗时间04:58，降旗时间19:24；明天天气小雨转阴，气温19℃~26℃。跑步要30分钟以上，才能减脂？专家：跑步减脂不仅要跑够30分钟，还应把强度控制在中低程度。运动达人介绍，跑步时有些喘，但能说整句话，再快就只能说单词。这样就是 ...全文,,"http://f.us.sinaimg.cn/0017oqJylx07fvUDGy9W010f0100xS1X0k01.mp4?label=mp4_hd&template=28&Expires=1566187330&ssig=JPzQPmuPgP&KID=unistore,video",,2018-05-16,晚安北京超话,16,5,9,晚安北京,
4240408424597315,【申提公积金不用再复印身份证！】#资讯#昨天，北京住房公积金管理中心发布《关于取消身份证明材料复印件作为住房公积金归集和贷款业务办理要件的通知》。通知明确，今后取消身份证明材料复印件作为住房公积金归集和贷款业务办理要件。定了！公积金提取、贷款告别身份证复印件 ,,,,2018-05-16,政务直通车,19,4,6,资讯,
4240393325268927,【信息采集完成后还要办理哪些入学手续？】#教育#北京2018年义务教育入学信息采集工作5月7日已正式开始，还没有完成信息采集的家长请在5月31日以前完成。已经完成信息采集的家长，近期还有哪些重要的入学手续需要办理？戳↓↓信息采集完了坐等入学？不！北京家长必须知道这些后续工作 ,,,,2018-05-16,政务直通车,6,2,5,教育,
4240378242325535,【手足口病发病数上升12.66%】#资讯#每年5月至7月是儿童手足口病的高发期，从4月开始，本市手足口病疫情开始持续走高。@北京市疾病预防控制中心 第19周（今年5月7日—13日）疫情显示：本市丙类传染病发病数较前一周上升12.10%，其中手足口病较前一周上升12.66%。手足口病不用怕，戳↓送你防控秘籍。 ,"https://wx4.sinaimg.cn/large/006RQLrhly1frcyletsvuj30e30pigo2.jpg,https://wx3.sinaimg.cn/large/006RQJQTly1frcyn4zf54j30c80c8tbm.jpg,https://wx2.sinaimg.cn/large/006Px66Zly1frcyn59ye3j30c80c8who.jpg,https://wx4.sinaimg.cn/large/006TgYERly1frcyn4orhsj30c80c8778.jpg,https://wx2.sinaimg.cn/large/006RQLrhly1frcyn50xvwj30c80c8dis.jpg,https://wx1.sinaimg.cn/large/006RQLrhly1frcyn56zsjj30c80c80vl.jpg,https://wx4.sinaimg.cn/large/006TgYERly1frcyn57dg7j30c80dx0vs.jpg,https://wx3.sinaimg.cn/large/006RQLrhly1frcyn5h9nrj30c80c8acv.jpg",,,2018-05-16,政务直通车,3,0,6,资讯,北京市疾病预防控制中心
4240363168119667,【三里屯“深夜书房”成网红】#美丽北京·文化#三里屯太古里南北两区之间，刚刚开业半个月的三联韬奋24小时书店成了这条不足百米的街区中最养眼的标志性建筑，午夜，从书店中透射出的点点灯火、在店内选购和阅读书籍的读者，构成了三里屯夜生活中充满意境的一道新景观。 ,https://wx3.sinaimg.cn/large/902ace4bly1frdc3emrjlj20b408c75n.jpg,,,2018-05-16,政务直通车,33,11,13,美丽北京·文化,
4240348018468302,【九种不同口味的凉面做法】芝麻酱凉面、蒜香凉面、酸辣鸡丝凉面...九种不同口味的凉面做法，天一热起来，就该吃它~转存马住！ ,"https://wx2.sinaimg.cn/large/006RQLpqly1frcz64absoj30c80oe42g.jpg,https://wx2.sinaimg.cn/large/006pIWFGly1frcz64a4noj30c80p3wjg.jpg,https://wx3.sinaimg.cn/large/006Rsl7Dly1frcz64k9vdj30c80n5tcj.jpg,https://wx2.sinaimg.cn/large/006pIWFGly1frcz64oew1j30c80omq7i.jpg,https://wx1.sinaimg.cn/large/006Rsl7Dly1frcz64pu1sj30c80o40w6.jpg,https://wx2.sinaimg.cn/large/006pIWFGly1frcz64r3quj30c80ottcb.jpg,https://wx4.sinaimg.cn/large/006pIWFGly1frcz64wmoxj30c80ok78l.jpg,https://wx2.sinaimg.cn/large/d5b84e93ly1frcz64zgzsj20c80m8q6g.jpg,https://wx1.sinaimg.cn/large/d5b84e93ly1frcz67kkkdj20c80patcn.jpg",,,2018-05-16,政务直通车,24,2,33,,
4240346801890171,【真高级！刷脸就知道你想读啥？智慧书店北京亮相】#资讯#新华书店总店和科技巨头阿里云合作开出智慧书店！当你完成人脸识别后，根据年龄、性别以及你在店内的购书历史，书店的后台可以智能推荐你可能感兴趣的图书。感兴趣的小伙伴，可以前往位于北礼士路的新华书店总店尝鲜哦~ ,"https://wx4.sinaimg.cn/large/006prAotly1frczn5ix88j30hs0bvq46.jpg,https://wx4.sinaimg.cn/large/006PU9Qzly1frczn5jnzpj30hs0npabx.jpg,https://wx2.sinaimg.cn/large/006PU9Qzly1frczn6b4yzj30hs0dcmyq.jpg,https://wx4.sinaimg.cn/large/006RXyj8ly1frczn5t5swj30hs0dcjt2.jpg",,,2018-05-16,政务直通车,12,9,9,资讯,
4240308038538904,【学车可通过APP报名驾校】#资讯#好消息！从昨天开始，北京市驾培监管服务平台开始试运行，学员可通过手机APP、PC端登录平台实现选择驾校、网上报名、教学评价等功能，让学车更便捷、消费更透明。 ,https://wx3.sinaimg.cn/large/902ace4bly1frd5rgtjhcj20e60hy0us.jpg,,,2018-05-16,政务直通车,13,4,18,资讯,
4240282570852806,【于右任书法展中国美术馆开幕】#资讯#由中国美术馆主办的“为万世开太平——于右任书法作品展”日前在中国美术馆开幕，多方位展示于右任对书法艺术的探索和追求。 ,"https://wx4.sinaimg.cn/large/006pYrzsly1frcywnyb3bj30e30ir0ug.jpg,https://wx1.sinaimg.cn/large/e73ed0ably1frcz2n0cuhj20go0ng0w3.jpg,https://wx2.sinaimg.cn/large/006PWmMzly1frcz44fyw9j30go0b4t93.jpg,https://wx3.sinaimg.cn/large/006Rsl7Dly1frcz3yj65tj307l0rs3zd.jpg,https://wx1.sinaimg.cn/large/006pIWFGly1frcz3yiabhj307s0i4mxq.jpg,https://wx2.sinaimg.cn/large/006pIWFGly1frcz41i9mbj30go0b40tr.jpg,https://wx1.sinaimg.cn/large/006SIyz6ly1frcz3z6034j30go0p1dhi.jpg,https://wx4.sinaimg.cn/large/006SIyz6ly1frcz3yqh47j30870rsjsf.jpg,https://wx3.sinaimg.cn/large/006PESNQly1frcz3ypf6qj307s0ka0tg.jpg",,,2018-05-16,政务直通车,9,0,4,资讯,
4240269421894865,【高中生选课走班开始 学校不得强制确定选考科目】#教育#2020年，本市将迎来“新高考”。市教委近日发布《关于做好新高考背景下普通高中教学组织管理工作的通知》明确，学校要配备学生发展指导专职教师，但不得强制为学生确定选考科目。 ,https://wx4.sinaimg.cn/large/902ace4bly1frd1bsy79jj20es14dal1.jpg,,,2018-05-16,政务直通车,5,2,1,教育,
4240252379793846,【本市41项环保督察整改任务全部完成】#聚焦北京#昨天，生态环境部通报，北京等7省（市）公开了中央环境保护督察整改落实情况。目前，北京市应于2017年完成的41项整改任务已全部完成，其余6项正在按计划推进。 ,https://wx4.sinaimg.cn/large/902ace4bly1frczdcaoe5j20fa1gk4d7.jpg,,,2018-05-16,政务直通车,1,3,1,聚焦北京,
4240235158775360,【@司机朋友，北京新增945处“电子警察”，附设置地点】#提示#司机朋友们注意啦！为了加大对道路交通违法行为的查处力度，近日，北京市新增945处固定式交通技术监控设备，即交通违法监测设备。戳↓↓查看~交管部门提示广大司机，驾车出行一定要遵守交通法律法规 。@司机朋友，北京新增945处“电子警察”，附设置地点 ,,,,2018-05-16,提示超话,18,21,40,提示,司机朋友
4240212886525523,#市政府常务会#【研究危险废物污染环境防治条例等事项】昨天下午，市政府召开常务会议，研究北京市危险废物污染环境防治条例（草案）等事项。市委副书记、市长陈吉宁主持会议。 ,https://wx2.sinaimg.cn/large/902ace4bly1frcuu2mphwj20c813ytkd.jpg,,,2018-05-16,政务直通车,7,4,5,市政府常务会,
4240189469723741,【假如生活给你一颗柠檬】#北京您好#今天周三，车辆限行尾号1和6；天气多云转小雨，气温21℃~30℃。如果生活给你的是一颗柠檬，那就想尽办法把它榨成一杯柠檬汁。早安！ ,https://wx1.sinaimg.cn/large/902ace4bly1frctwihblfj20qo0zkadc.jpg,,,2018-05-16,政务直通车,9,7,12,北京您好,
4233666459095534,【忠于自己内心】#北京您好#今天周六，车辆不限行；天气多云转晴，气温17℃~27℃。如果一个人想要做一件真正忠于自己内心的事情，那么往往只能一个人独自去做，早安 ,https://wx2.sinaimg.cn/large/902ace4bly1fqryzl5trhj20hq0az780.jpg,,,2018-04-28,政务直通车,13,3,6,北京您好,
id,正文,原始图片url,视频url,位置,日期,工具,点赞数,评论数,转发数,话题,@用户
4207650830368165,#2018北京年味儿##央视春晚#【速看：狗年春晚节目单 正！式！公！布！啦！】速转收藏！你最期待哪些节目？一起传递，为演员们加油！ ,https://wx2.sinaimg.cn/large/902ace4bly1fogz4uzm2ij20k03amh6w.jpg,,,2018-02-15,政务直通车,20,5,16,"2018北京年味儿,央视春晚",
4207645898330433,【必看！快乐过节水、电、暖气、医疗一个都不能少，有麻烦就找——】#提示#过节啦！ 请您收好这份应急服务全指南~热线电话：自来水集团24小时客服电话96116，北京24小时供电服务热线95598，北京市供热服务电话12345、96069，北京燃气服务热线96777。必看！快乐过节水、电、暖气、医疗一个都不能少，有麻烦就找—— ,,,,2018-02-15,提示超话,5,1,9,提示,
4207638298531297,#2018北京年味儿#【欢乐祥和 喜迎新春】金鸡辞旧岁，瑞狗迎新春。美丽北京喜庆祥和， 家家户户张灯结彩，共迎新年新气象~ [xkl恭喜] ,"https://wx3.sinaimg.cn/large/006U1iS7ly1fogwtl33tnj30b407zq6t.jpg,https://wx2.sinaimg.cn/large/006U1iS7ly1fogwttls9dj30b407e775.jpg,https://wx1.sinaimg.cn/large/006TQmAjly1fogwtvjhn5j30b406i77l.jpg,https://wx1.sinaimg.cn/large/006TQmAjly1fogwty1n1cj30b4069jt2.jpg,https://wx2.sinaimg.cn/large/006Tz0udly1fogwtzstj6j30b407edjc.jpg,https://wx4.sinaimg.cn/large/006TzGzhly1fogxnou836j30rs0fmwhc.jpg",,,2018-02-15,政务直通车,30,2,7,2018北京年味儿,
4207574553838850,#2018北京年味儿#【今年春节，一大波乐翻天的新春游园会等您来！】#北京您早#今日除夕，车辆尾号不限行；天气晴，气温 -6℃~6℃。今年春节期间，11家市属公园及中国园林博物馆将举办25项新春游园活动及文创产品联展，小布邀您“园”味过大年~今年春节，一大波乐翻天的新春游园会等您来！ ,,,,2018-02-15,政务直通车,43,14,36,"2018北京年味儿,北京您早",
id,正文,原始图片url,视频url,位置,日期,工具,点赞数,评论数,转发数,话题,@用户
4247098050383337,【京城唯一南北向胡同群整治后亮相】#美丽北京#依古河道走势而建，曾坐落上百家会馆，当年“京漂”聚集地……东城区老城复兴计划又出新成果——草厂文保区整治即将完工，本月底亮相。这是京城唯一一片南北走向胡同群，整治后将恢复清末民国时期风貌。 ,https://wx3.sinaimg.cn/large/902ace4bly1frytl2c52gj20fa2h2h3l.jpg,,,2018-06-04,政务直通车,3,0,2,美丽北京,
4247089921366574,【成为正式党员要经过哪些程序】#党建声音#党章第五条规定，发展党员必须严格履行以下手续：“申请入党的人，要填写入党志愿书，要有两名正式党员作介绍人，要经过支部大会通过和上级党组织批准，并且经过预备期的考察，才能成为正式党员。”根据这些规定，入党申请人要经过以下程序才能成为正式党员： ,https://wx1.sinaimg.cn/large/902ace4bly1frysngywbzj20dc1avafm.jpg,,,2018-06-04,政务直通车,22,12,40,党建声音,
4247074826456879,【新的一周，加油！】#北京您好#今天周一，车辆限行尾号4和9；天气多云，气温20℃~34℃。有些事情，现在不去做，以后很有可能永远也做不了——不是没时间，恰恰是因为有时间，你才会一拖再拖，任凭风吹雨打，铺上厚厚的灰尘。而你终将遗忘曾经想要做的事、想要说的话、想要抓住的人。新的一周，加油~ ,https://wx4.sinaimg.cn/large/902ace4bly1fryqx21f70j20dw08odgb.jpg,,,2018-06-04,政务直通车,26,2,7,北京您好,
4240423519894704,【跑步减肥别瞎跑！一段视频告诉你什么跑速适合你】#晚安北京#明天升旗时间04:58，降旗时间19:24；明天天气小雨转阴，气温19℃~26℃。跑步要30分钟以上，才能减脂？专家：跑步减脂不仅要跑够30分钟，还应把强度控制在中低程度。运动达人介绍，跑步时有些喘，但能说整句话，再快就只能说单词。这样就是最适合你的减脂跑速。晚安~CCTV生活提示的秒拍视频,,,,2018-05-16,晚安北京超话,16,5,9,晚安北京,
4240408424597315,【申提公积金不用再复印身份证！】#资讯#昨天，北京住房公积金管理中心发布《关于取消身份证明材料复印件作为住房公积金归集和贷款业务办理要件的通知》。通知明确，今后取消身份证明材料复印件作为住房公积金归集和贷款业务办理要件。定了！公积金提取、贷款告别身份证复印件 ,,,,2018-05-16,政务直通车,19,4,6,资讯,
4240393325268927,【信息采集完成后还要办理哪些入学手续？】#教育#北京2018年义务教育入学信息采集工作5月7日已正式开始，还没有完成信息采集的家长请在5月31日以前完成。已经完成信息采集的家长，近期还有哪些重要的入学手续需要办理？戳↓↓信息采集完了坐等入学？不！北京家长必须知道这些后续工作 ,,,,2018-05-16,政务直通车,6,2,5,教育,
4240378242325535,【手足口病发病数上升12.66%】#资讯#每年5月至7月是儿童手足口病的高发期，从4月开始，本市手足口病疫情开始持续走高。@北京市疾病预防控制中心 第19周（今年5月7日—13日）疫情显示：本市丙类传染病发病数较前一周上升12.10%，其中手足口病较前一周上升12.66%。手足口病不用怕，戳↓送你防控秘籍。 ,"https://wx4.sinaimg.cn/large/006RQLrhly1frcyletsvuj30e30pigo2.jpg,https://wx3.sinaimg.cn/large/006RQJQTly1frcyn4zf54j30c80c8tbm.jpg,https://wx2.sinaimg.cn/large/006Px66Zly1frcyn59ye3j30c80c8who.jpg,https://wx4.sinaimg.cn/large/006TgYERly1frcyn4orhsj30c80c8778.jpg,https://wx2.sinaimg.cn/large/006RQLrhly1frcyn50xvwj30c80c8dis.jpg,https://wx1.sinaimg.cn/large/006RQLrhly1frcyn56zsjj30c80c80vl.jpg,https://wx4.sinaimg.cn/large/006TgYERly1frcyn57dg7j30c80dx0vs.jpg,https://wx3.sinaimg.cn/large/006RQLrhly1frcyn5h9nrj30c80c8acv.jpg",,,2018-05-16,政务直通车,3,0,6,资讯,北京市疾病预防控制中心
4240363168119667,【三里屯“深夜书房”成网红】#美丽北京·文化#三里屯太古里南北两区之间，刚刚开业半个月的三联韬奋24小时书店成了这条不足百米的街区中最养眼的标志性建筑，午夜，从书店中透射出的点点灯火、在店内选购和阅读书籍的读者，构成了三里屯夜生活中充满意境的一道新景观。 ,https://wx3.sinaimg.cn/large/902ace4bly1frdc3emrjlj20b408c75n.jpg,,,2018-05-16,政务直通车,33,11,13,美丽北京·文化,
4240348018468302,【九种不同口味的凉面做法】芝麻酱凉面、蒜香凉面、酸辣鸡丝凉面...九种不同口味的凉面做法，天一热起来，就该吃它~转存马住！ ,"https://wx2.sinaimg.cn/large/006RQLpqly1frcz64absoj30c80oe42g.jpg,https://wx2.sinaimg.cn/large/006pIWFGly1frcz64a4noj30c80p3wjg.jpg,https://wx3.sinaimg.cn/large/006Rsl7Dly1frcz64k9vdj30c80n5tcj.jpg,https://wx2.sinaimg.cn/large/006pIWFGly1frcz64oew1j30c80omq7i.jpg,https://wx1.sinaimg.cn/large/006Rsl7Dly1frcz64pu1sj30c80o40w6.jpg,https://wx2.sinaimg.cn/large/006pIWFGly1frcz64r3quj30c80ottcb.jpg,https://wx4.sinaimg.cn/large/006pIWFGly1frcz64wmoxj30c80ok78l.jpg,https://wx2.sinaimg.cn/large/d5b84e93ly1frcz64zgzsj20c80m8q6g.jpg,https://wx1.sinaimg.cn/large/d5b84e93ly1frcz67kkkdj20c80patcn.jpg",,,2018-05-16,政务直通车,24,2,33,,
4240346801890171,【真高级！刷脸就知道你想读啥？智慧书店北京亮相】#资讯#新华书店总店和科技巨头阿里云合作开出智慧书店！当你完成人脸识别后，根据年龄、性别以及你在店内的购书历史，书店的后台可以智能推荐你可能感兴趣的图书。感兴趣的小伙伴，可以前往位于北礼士路的新华书店总店尝鲜哦~ ,"https://wx4.sinaimg.cn/large/006prAotly1frczn5ix88j30hs0bvq46.jpg,https://wx4.sinaimg.cn/large/006PU9Qzly1frczn5jnzpj30hs0npabx.jpg,https://wx2.sinaimg.cn/large/006PU9Qzly1frczn6b4yzj30hs0dcmyq.jpg,https://wx4.sinaimg.cn/large/006RXyj8ly1frczn5t5swj30hs0dcjt2.jpg",,,2018-05-16,政务直通车,12,9,9,资讯,
4240308038538904,【学车可通过APP报名驾校】#资讯#好消息！从昨天开始，北京市驾培监管服务平台开始试运行，学员可通过手机APP、PC端登录平台实现选择驾校、网上报名、教学评价等功能，让学车更便捷、消费更透明。 ,https://wx3.sinaimg.cn/large/902ace4bly1frd5rgtjhcj20e60hy0us.jpg,,,2018-05-16,政务直通车,13,4,18,资讯,
4240282570852806,【于右任书法展中国美术馆开幕】#资讯#由中国美术馆主办的“为万世开太平——于右任书法作品展”日前在中国美术馆开幕，多方位展示于右任对书法艺术的探索和追求。 ,"https://wx4.sinaimg.cn/large/006pYrzsly1frcywnyb3bj30e30ir0ug.jpg,https://wx1.sinaimg.cn/large/e73ed0ably1frcz2n0cuhj20go0ng0w3.jpg,https://wx2.sinaimg.cn/large/006PWmMzly1frcz44fyw9j30go0b4t93.jpg,https://wx3.sinaimg.cn/large/006Rsl7Dly1frcz3yj65tj307l0rs3zd.jpg,https://wx1.sinaimg.cn/large/006pIWFGly1frcz3yiabhj307s0i4mxq.jpg,https://wx2.sinaimg.cn/large/006pIWFGly1frcz41i9mbj30go0b40tr.jpg,https://wx1.sinaimg.cn/large/006SIyz6ly1frcz3z6034j30go0p1dhi.jpg,https://wx4.sinaimg.cn/large/006SIyz6ly1frcz3yqh47j30870rsjsf.jpg,https://wx3.sinaimg.cn/large/006PESNQly1frcz3ypf6qj307s0ka0tg.jpg",,,2018-05-16,政务直通车,9,0,4,资讯,
4240269421894865,【高中生选课走班开始 学校不得强制确定选考科目】#教育#2020年，本市将迎来“新高考”。市教委近日发布《关于做好新高考背景下普通高中教学组织管理工作的通知》明确，学校要配备学生发展指导专职教师，但不得强制为学生确定选考科目。 ,https://wx4.sinaimg.cn/large/902ace4bly1frd1bsy79jj20es14dal1.jpg,,,2018-05-16,政务直通车,5,2,1,教育,
4240252379793846,【本市41项环保督察整改任务全部完成】#聚焦北京#昨天，生态环境部通报，北京等7省（市）公开了中央环境保护督察整改落实情况。目前，北京市应于2017年完成的41项整改任务已全部完成，其余6项正在按计划推进。 ,https://wx4.sinaimg.cn/large/902ace4bly1frczdcaoe5j20fa1gk4d7.jpg,,,2018-05-16,政务直通车,1,3,1,聚焦北京,
4240235158775360,【@司机朋友，北京新增945处“电子警察”，附设置地点】#提示#司机朋友们注意啦！为了加大对道路交通违法行为的查处力度，近日，北京市新增945处固定式交通技术监控设备，即交通违法监测设备。戳↓↓查看~交管部门提示广大司机，驾车出行一定要遵守交通法律法规 。@司机朋友，北京新增945处“电子警察”，附设置地点 ,,,,2018-05-16,提示超话,18,21,40,提示,司机朋友
4240212886525523,#市政府常务会#【研究危险废物污染环境防治条例等事项】昨天下午，市政府召开常务会议，研究北京市危险废物污染环境防治条例（草案）等事项。市委副书记、市长陈吉宁主持会议。 ,https://wx2.sinaimg.cn/large/902ace4bly1frcuu2mphwj20c813ytkd.jpg,,,2018-05-16,政务直通车,7,4,5,市政府常务会,
4240189469723741,【假如生活给你一颗柠檬】#北京您好#今天周三，车辆限行尾号1和6；天气多云转小雨，气温21℃~30℃。如果生活给你的是一颗柠檬，那就想尽办法把它榨成一杯柠檬汁。早安！ ,https://wx1.sinaimg.cn/large/902ace4bly1frctwihblfj20qo0zkadc.jpg,,,2018-05-16,政务直通车,9,7,12,北京您好,
4236429686980015,【非本人名下机动车开通网上处理违章（附绑定流程）】#提示#非本人名下机动车，经绑定后，违章交罚款，无需再到现场排队，可网上交纳。驾驶人登录“交管12123”手机APP，通过填写信息、上传照片、验证手机号码，可自助办理绑定业务。非本人名下机动车开通网上处理违章（附绑定流程） ,,,,2018-05-05,提示超话,22,21,34,提示,
4236414579108467,【提醒！本周日半程马拉松赛开跑！这14条公交线路临时避让】#提示#2018年北京鸟巢半程马拉松赛将于明天上午举行。比赛路段将实行临时交通管制，活动时间内沿线行驶的14条公交线路将分时、分段采取绕行甩站、临时停驶、改发区间车以及扩大行车间隔避让等临时调度措施。提醒！本周日半程马拉松赛开跑！这14条公交线路临时避让 ,,,,2018-05-05,提示超话,8,3,4,提示,
4236407033726452,【北京上网费用再降30%！这些省钱的新套餐你要get～】#资讯#北京市提速降费有了年度小目标，流量资费降幅要在30%以上，家庭宽带费用也要降价30%，这些省钱的新套餐你要get北京上网费用再降30%！这些省钱的新套餐你要get～ ,,,,2018-05-05,政务直通车,18,10,18,资讯,
4236390919826610,【读懂古诗文中的中国传统建筑】“危楼高百尺，手可摘星辰”“密锁重关掩绿苔，廊深阁迥此徘徊”“仲夏苦夜短，开轩纳微凉”…经典诗文总有整齐的建筑美，传统建筑也藏着优雅的诗韵美。古诗词中常常出现的亭台楼阁、轩榭廊舫，有哪些区别？当诗歌遇上建筑又如何含情带意？戳↓转发收藏！ ,"https://wx2.sinaimg.cn/large/006pFzoUly1fr0a2j9ohjj30dw0jnn2s.jpg,https://wx2.sinaimg.cn/large/006pJfOzly1fr0a2jl0mkj30dw0jnaf6.jpg,https://wx4.sinaimg.cn/large/006pILhYly1fr0a2ji1djj30dw0jnq74.jpg,https://wx4.sinaimg.cn/large/006pJfOzly1fr0a2kncqmj30dw0jndmi.jpg,https://wx3.sinaimg.cn/large/006pA0dNly1fr0a2ks7qkj30dw0jn44o.jpg,https://wx2.sinaimg.cn/large/006pILhYly1fr0a2jimkcj30dw0jnag7.jpg,https://wx2.sinaimg.cn/large/006pJfOzly1fr0a2k67b7j30dw0jn44d.jpg,https://wx3.sinaimg.cn/large/e375e098ly1fr0a2kdw3tj20dw0jnq6y.jpg,https://wx4.sinaimg.cn/large/a9c93455ly1fr0a2knyy4j20dw0jn0z5.jpg",,,2018-05-05,政务直通车,30,6,83,,
4236331527249761,【别大意！学会正确洗手，挡住一半疾病】研究发现，人的双手平均携带1000万个细菌，正确洗手能减少30%—50%的疾病风险，甚至可挽救生命。每天都洗手，你真的洗对了吗？①洗手时间短，对除菌作用不大；②以擦代洗难除菌；③用完电脑要洗手…今天，世界手卫生日，教你正确洗手姿势↓为健康转！ ,"https://wx2.sinaimg.cn/large/006pFVD9ly1fr0b98au36j30dw0dwjuw.jpg,https://wx2.sinaimg.cn/large/006pFVD9ly1fr0b98l9lrj30dw0i8afo.jpg,https://wx3.sinaimg.cn/large/006T92eyly1fr0b98kjdsj30dw0dwn12.jpg,https://wx3.sinaimg.cn/large/006pFDbhly1fr0b98sqlqj30dw0dwtd3.jpg,https://wx3.sinaimg.cn/large/006pEuvmly1fr0b98emj5j30dw0dw420.jpg,https://wx4.sinaimg.cn/large/006pFDbhly1fr0b98rhioj30dw0h4jv6.jpg,https://wx4.sinaimg.cn/large/006T92eyly1fr0b98pax8j30dw0hetcl.jpg,https://wx4.sinaimg.cn/large/006pyasKly1fr0b98sobzj30dw0hgdjr.jpg,https://wx4.sinaimg.cn/large/006pyasKly1fr0b992k0ij30dw0dwn1a.jpg",,,2018-05-05,政务直通车,7,1,14,,
4236308895322897,【北京车展吸引观众82万人次】#美丽北京#昨日，持续十天的北京车展落下帷幕。车展组委会公布，今年新老两个展区共吸引观众82万人次，与上届基本持平。 ,"https://wx4.sinaimg.cn/large/006pGORYly1fr08sbwb2ej30g90ko792.jpg,https://wx3.sinaimg.cn/large/e375e098ly1fr09kw03kkj20j60eeq4t.jpg,https://wx1.sinaimg.cn/large/006pFzoUly1fr09kz4wwgj30j60ee3zl.jpg,https://wx1.sinaimg.cn/large/006pFzoUly1fr09lf5znzj31400u0gr3.jpg",,,2018-05-05,政务直通车,8,3,1,美丽北京,
4236287982446985,【30名青年获“北京青年五四奖章” 平均年龄33岁】#美丽北京·人物#昨天是五四青年节，本市为第32届“北京青年五四奖章”获得者举行了颁奖仪式，首都公路发展集团“秋子服务”品牌带头人方秋子、北京市公安局海淀分局刑侦支队七中队探长陈旭等30人被授予第32届“北京青年五四奖章”称号。 ,"https://wx3.sinaimg.cn/large/006pGuVJly1fr08p5r1fxj30fa1g1102.jpg,https://wx4.sinaimg.cn/large/006prRyZly1fr08pa64ikj30eq1lyame.jpg",,,2018-05-05,政务直通车,4,2,8,美丽北京·人物,
4236248518957866,【中关村企业为优化营商环境点赞】#优化营商环境北京在行动#日前，六家企业齐聚中关村优化营商环境座谈会，围绕本市优化营商环境的“9+N”（九项主要政策和N项配套措施）政策，分享了新政策带来的实际落地成效。 ,https://wx2.sinaimg.cn/large/902ace4bly1fr07j7jcunj20ep0zogys.jpg,,,2018-05-05,政务直通车,4,1,4,优化营商环境北京在行动,
4236210753049424,【今日，立夏】#北京您好#今天周六，车辆不限行；天气多云，气温15℃~25℃。①5日21时25分，立夏。②立，建始也；夏，假也，万物至此皆已长大，故名立夏。③自此，日照渐长，温度升高，雷雨增多。④立夏并不意味着“入夏”，东北和西北的一些地区才刚刚入春。发条微博，挥别春天，告别遗憾，早安~ ,"https://wx4.sinaimg.cn/large/006SCn62ly1fqz8l9qlu1j30dw0dwdj0.jpg,https://wx2.sinaimg.cn/large/006Th05Ily1fqz8l8xfqjj30dw0dw40t.jpg,https://wx3.sinaimg.cn/large/006SCn62ly1fqz8l9kvecj30dw0dwtcn.jpg,https://wx1.sinaimg.cn/large/006SCn62ly1fqz8l96thpj30dw0dw0uw.jpg,https://wx3.sinaimg.cn/large/006Thqi4ly1fqz8laelsij30dw0dw769.jpg,https://wx2.sinaimg.cn/large/006Th05Ily1fqz8l9f9xnj30dw0dw420.jpg,https://wx4.sinaimg.cn/large/006SCn62ly1fqz8la7mtej30dw0dwdiu.jpg,https://wx4.sinaimg.cn/large/006T83sBly1fqz8la5zz6j30dw0dwwhl.jpg,https://wx1.sinaimg.cn/large/006Th01ely1fqz8la16r5j30dw0dwq6t.jpg",,,2018-05-05,政务直通车,20,3,17,北京您好,
4233900496165112,【改变世界的中国植物】#晚安北京#明天升旗时间05:18，降旗时间19:06；明天晴转多云转阴，气温17℃~29℃。这4分钟凝结四海的故事，千年的情缘。江南烟雨、苍茫雪山、黄沙大漠，他们找寻并记录那些《改变世界的中国植物》。震撼人心的拍摄进展宣传片，让我们为植物颂歌，为文明礼赞。地方站热搜账号的微博视频,,,,2018-04-28,晚安北京超话,9,1,10,晚安北京,
4233885447561125,【人大招“一带一路”国家留学生】#教育#人民大学组建成立丝路学院，今年9月将招收“一带一路”沿线国家50名到100名留学生，并将提供全额奖学金。 ,https://wx1.sinaimg.cn/large/902ace4bly1fqso507svvj20dc0s1gom.jpg,,,2018-04-28,政务直通车,5,4,13,教育,
4233865301902577,【树起中国高铁新标杆】百余年前的京张铁路，打破中国不能自建铁路的断言；今天的京张高铁，开了世界智能铁路之先河。日前，中国铁路总公司发布京张高铁智能列车设计方案，全方位展示了智能列车的外观、造型和功能，它是复兴号列车的智能升级版，首次采用我国自主研发的北斗卫星导航系统，在世界上首次实现了时速350公里的自动驾驶。中国铁路的秒拍视频,,,,2018-04-28,政务直通车,17,1,16,,
4233845185735714,【乡土花草全面“铺”进林地公园】#绿色北京#本市新一轮百万亩平原造林工程已陆续开工，市园林绿化局介绍，今后造林不仅要大面积播绿种树，也要在林下覆盖生命力极强的乡土植被。将来，市民徜徉森林中，脚下也是绿毯如织、鲜花漫地，林上林下构成有生命力的生态系统。 ,https://wx4.sinaimg.cn/large/902ace4bly1fqsjij5ekxj20db2cxtre.jpg,,,2018-04-28,政务直通车,4,3,1,绿色北京,
4233825057589304,【周日起，北京地铁全网可刷二维码乘车！不需缴纳任何押金】#美丽北京·民生#周日（29日）起，北京市轨道交通全网（不含西郊线）将实现刷二维码乘车，乘客只需要用手机下载并注册“易通行App”，即可凭二维码畅行全网。↓↓ ,https://wx2.sinaimg.cn/large/902ace4bly1fqsh7au88oj20db2tx1kx.jpg,,,2018-04-28,政务直通车,20,18,36,美丽北京·民生,
4233794846189816,【五一假期有赏花“专列”，最美S2线加密啦】#城市运行#还记得被称为“开往春天的列车”S2线吗？五一假期的福利来了！为了方便市民出行，“开往春天的列车”——市郊铁路S2线将在“五一”小长假期间加密开行2对旅客列车，高峰时段的发车间隔由过去的两个半小时缩短至1个小时左右。 ,https://wx3.sinaimg.cn/large/902ace4bly1fqsdqe02xmj20dc1lbwmg.jpg,,,2018-04-28,政务直通车,10,2,6,城市运行,
4233772180142135,【昨天你用生命捍卫我们，今天我们用法律保护你！今天请为英烈而转！】27日，全国人大常委会全票表决通过英雄烈士保护法，明确规定，国家和人民永远尊崇、铭记英雄烈士为国家、人民和民族作出的牺牲和贡献。英雄是一个民族最闪亮的坐标，一个国家不能使英雄蒙羞。转发传递，缅怀先烈，捍卫英烈尊严！ ,"https://wx2.sinaimg.cn/large/006Qc6Nqly1fqs7yhgud5j30c80c8dk5.jpg,https://wx3.sinaimg.cn/large/006PUdKZly1fqs7yug4bsj30c80c8n1b.jpg,https://wx3.sinaimg.cn/large/0068b9Nqly1fqs7z2z7pxj30c80c8n18.jpg,https://wx3.sinaimg.cn/large/006PUdKZly1fqs7ze3djaj30c80c8adi.jpg,https://wx4.sinaimg.cn/large/0068b9Nqly1fqs7zm3hk6j30c80c877s.jpg,https://wx3.sinaimg.cn/large/006pIRh2ly1fqs7zwm2m4j30c80c841e.jpg,https://wx1.sinaimg.cn/large/006TZVCtly1fqs806lzyaj30c80c8whj.jpg,https://wx4.sinaimg.cn/large/006PU2Xhly1fqs80gs801j30c80c8gor.jpg,https://wx1.sinaimg.cn/large/006TZVCtly1fqs80ovi2vj30c80c877h.jpg",,,2018-04-28,政务直通车,25,3,15,,
4233749522721002,@北京公交集团 #提示#【“五一”小长假期间天安门地区交通管制 8条公交线路采取临时绕行措施】“五一”小长假期间，途经天安门广场东、西侧路，大会堂南侧路的8条公交线路将采取绕行措施。根据交管部门“五一”期间对天安门地区的交通管制措施，4月29日0时至5月1日24时，天安门广场东、西侧路，大会堂南侧路机动车禁止通行。途经该路段的8条公交线路在管制时段采取绕行措施。其中，途经天安门广场东侧路的2路、5路、82路、120路、夜2路、夜17路、观光1线、观光2线北行方向临时绕行正义路，绕行期间临时甩天安门广场东站和天安门东站。途经天安门广场西侧路的2路、5路、82路、120路、夜2路、观光1线、观光2线南行方向临时绕行大会堂西侧路，绕行期间临时甩天安门广场西站。    此外，4月29日至5月1日每日5时至6时、8时至11时30分期间，途经天安门东站、天安门西站的1路、2路、5路、52路、82路、120路、夜1路、夜2路、夜17路、观光1线、观光2线双向采取甩站通过的措施。    公交集团特别提示广大乘客，请提前安排好出行时间和路线，“五一”小长假去往天安门游览的乘客可选择就近的公交站下车。,,,,2018-04-28,提示超话,3,1,2,提示,北京公交集团
4233734427392162,【五一期间北京部分地铁站封站】#提示#据@北京地铁 ①4月29日至5月1日每日首班车起至11时30分，地铁1号线天安门东站、天安门西站封站，封站期间1号线各次列车通过不停车；②4月29日首班车起至5月1日末班车止，地铁2号线前门站封站，封站期间2号线各次列车通过不停车。请您提前安排行程。 ,https://wx3.sinaimg.cn/large/902ace4bly1fqs6sluu9nj20dw0afaap.jpg,,,2018-04-28,提示超话,9,14,16,提示,北京地铁
4233719323485421,【5月1日起，办理护照等出入境证件只需跑一次】#提示#自5月1日起，在全国实行办理护照等出入境证件“只跑一次”制度，群众到出入境接待窗口申办护照、往来港澳通行证及签注、往来台湾通行证及签注等出入境证件，一次即可完成全部申办手续。5月1日起，办理护照等出入境证件只需跑一次 ,,,,2018-04-28,提示超话,13,5,13,提示,
4233698407060292,【用心用情用力做好援疆扶贫工作】#聚焦#26日晚，市委书记蔡奇走进援疆干部住地京和大厦看望慰问并与大家座谈。他勉励大家，珍惜援疆这一难得的人生经历，在艰苦条件和复杂环境中磨练意志，用心用情用力做好援疆扶贫工作，不辜负首都人民的重托。 ,https://wx4.sinaimg.cn/large/902ace4bly1fqs2no7s34j20db1cete8.jpg,,,2018-04-28,政务直通车,6,3,6,聚焦,
4233691749700738,【坚决贯彻党中央治疆方略 以首善标准做好援疆扶贫工作】#聚焦#为深入贯彻党中央关于对口支援新疆工作精神，4月25日至27日，北京市党政代表团赴新疆维吾尔自治区和田市，就做好对口支援和扶贫协作工作进行沟通对接。新疆维吾尔自治区党委书记陈全国，北京市委书记蔡奇，自治区党委副书记、兵团党委书记孙金龙，自治区党委副书记李鹏新座谈。,https://wx3.sinaimg.cn/large/902ace4bly1fqs1w3x6paj20db4pj1e9.jpg,,,2018-04-28,微博 weibo.com,3,6,5,聚焦,
4233666459095534,【忠于自己内心】#北京您好#今天周六，车辆不限行；天气多云转晴，气温17℃~27℃。如果一个人想要做一件真正忠于自己内心的事情，那么往往只能一个人独自去做，早安 ,https://wx2.sinaimg.cn/large/902ace4bly1fqryzl5trhj20hq0az780.jpg,,,2018-04-28,政务直通车,13,3,6,北京您好,
